total_return_pct,buy_hold_return_pct,alpha_pct,ann_return_pct,ann_volatility_pct,sharpe_ratio,sortino_ratio,calmar_ratio,max_drawdown_pct,total_trades,win_rate_pct,avg_win_pct,avg_loss_pct,profit_factor,expectancy_pct,total_costs_usd,total_fees_usd,total_slippage_usd,final_equity,symbol,timeframe,strategy,strategy_key,split_date,leverage
-80.13480912138536,-34.698370993168446,-45.436438128216906,-93.60835922128649,135.45056696008237,-0.6910887220492263,-0.902329498411032,-1.0682766689804208,-87.62557672501423,37,27.027027027027028,16.63417663444691,-8.740091982422982,0.7048903116003965,-1.8821815454311188,29.700000000000003,4.4,5.5,99.32595439307322,BTC/USDT,4h,Mean-Reversion (RSI + BB),mean_reversion,2025-09-11,3
18.157927777780646,-34.698370993168446,52.856298770949095,32.832733443651406,83.09743586831159,0.395111270288568,0.3861202280833972,0.5763079269705369,-56.970817000977924,62,51.61290322580645,6.410024303800688,-5.613580282191712,1.2180032908904777,0.592151117030172,140.40000000000003,20.800000000000004,26.0,590.7896388889033,BTC/USDT,4h,Volatility Breakout (ATR + Vol),volatility_breakout,2025-09-11,3
-29.021026991714116,-34.698370993168446,5.6773440014543315,-44.194423720054,50.02374996595411,-0.8834688273096775,-0.4684183572107432,-0.8982033778348678,-49.20313685146152,15,46.666666666666664,6.405812186219742,-8.967895336090725,0.6250168465264043,-1.7934984923458412,41.85000000000001,6.200000000000001,7.75,354.8948650414294,BTC/USDT,4h,Trend-Following (EMA + ADX),trend_following,2025-09-11,3
-22.777037799803757,-34.698370993168446,11.921333193364692,-35.58517783186102,52.64149229738925,-0.6759910534228123,-0.2982891395096828,-0.7069525966634582,-50.33601686988525,12,41.66666666666667,12.696996924474075,-8.00838883822258,1.1324729231671975,0.6188552295676918,13.500000000000002,2.0,2.5,386.1148110009812,BTC/USDT,4h,Momentum Reversal (ROC + S/R),momentum_reversal,2025-09-11,3
-65.1106157641604,-34.698370993168446,-30.412244770991947,-83.33395961773586,73.59232489187302,-1.1323729715045139,-0.7753255646656383,-1.2080537503616562,-68.98199653184976,43,46.51162790697674,5.256109662614773,-7.361723917366381,0.6208505226095512,-1.4929641127239839,82.35000000000001,12.2,15.25,174.446921179198,BTC/USDT,4h,Composite Signal,composite,2025-09-11,3
21.36377171262531,-34.698370993168446,56.06214270579376,39.02362824691208,14.259120607829606,2.7367485920193713,1.4813245167366156,10.41881035510439,-3.745497510451719,2,100.0,9.972437511558237,0.0,inf,9.972437511558237,5.4,0.8,1.0,606.8188585631266,BTC/USDT,4h,Momentum Reversal + MTF Filter,momentum_reversal_mtf,2025-09-11,3
33.58777770972638,-34.698370993168446,68.28614870289483,63.68491102687113,81.8173708691854,0.7783788497517776,0.7597907316480499,1.2664301458146252,-50.28695126797231,60,51.66666666666667,6.587116748425044,-5.374053893296693,1.3102586616953356,0.8058842715928712,143.10000000000002,21.200000000000003,26.5,667.9388885486319,BTC/USDT,4h,Volatility Breakout + MTF Filter,volatility_breakout_mtf,2025-09-11,3
-19.053503533730765,-34.698370993168446,15.644867459437684,-30.211011737034998,43.42695147387378,-0.6956742463308837,-0.3450234628760898,-0.9276869691358705,-32.565954618481065,29,51.724137931034484,3.839030669618478,-5.226127022936176,0.7870545679367867,-0.5372523543734237,71.55000000000001,10.600000000000001,13.25,404.7324823313462,BTC/USDT,4h,Composite Signal + MTF Filter,composite_mtf,2025-09-11,3
-50.59768468053375,-46.67423603745699,-3.9234486430767546,-69.87890869158002,188.51800707790744,-0.3706749809990389,-0.5142080054152307,-0.8636865253638847,-80.90772130795828,49,26.53061224489796,28.0069506882353,-8.468276685064067,1.1942950682871116,1.2088244547908675,32.400000000000006,4.8,6.0,247.01157659733124,ETH/USDT,4h,Mean-Reversion (RSI + BB),mean_reversion,2025-09-11,3
-26.854037501982674,-46.67423603745699,19.82019853547432,-41.26431886433581,120.33873615605695,-0.3429013814041031,-0.3661971937182531,-0.5438383852598115,-75.87606903588157,79,40.50632911392405,10.5682347875962,-6.760575425314768,1.0643167844847807,0.25868947105423284,153.90000000000003,22.8,28.5,365.7298124900866,ETH/USDT,4h,Volatility Breakout (ATR + Vol),volatility_breakout,2025-09-11,3
-69.35526173738553,-46.67423603745699,-22.681025699928536,-86.63506213657132,71.29650597424514,-1.2151375576226278,-0.6283765765850239,-1.0792715875307834,-80.27178991599303,22,22.727272727272727,2.2274082529314105,-5.99347929812871,0.10930547046289682,-4.125095763796865,60.75,9.0,11.25,153.22369131307232,ETH/USDT,4h,Trend-Following (EMA + ADX),trend_following,2025-09-11,3
112.34048018758602,-46.67423603745699,159.01471622504303,260.15493635447643,100.88036704993402,2.5788460526288954,2.268816388021103,4.4249142062213656,-58.79321592014198,39,48.717948717948715,15.507604088971114,-8.562846308259667,1.7204821100563192,3.1637833724425093,51.300000000000004,7.6000000000000005,9.5,1061.7024009379302,ETH/USDT,4h,Momentum Reversal (ROC + S/R),momentum_reversal,2025-09-11,3
55.255513453013315,-46.67423603745699,101.92974949047031,111.39352752291751,107.695294263639,1.0343397850812794,1.0061732333905873,1.7670522329017557,-63.039182118568846,58,51.724137931034484,9.930666758089831,-6.962849176856471,1.5281100922477608,1.7751763067364434,113.4,16.8,21.0,776.2775672650666,ETH/USDT,4h,Composite Signal,composite,2025-09-11,3
10.334740802246078,-46.67423603745699,57.008976839703074,18.217172615755615,52.431369729549985,0.34744796311297843,0.17601172760977019,0.4877446749664527,-37.34981343878045,16,50.0,9.894711793831696,-6.899022737076621,1.434219333798639,1.4978445283775372,32.400000000000006,4.8,6.0,551.6737040112304,ETH/USDT,4h,Momentum Reversal + MTF Filter,momentum_reversal_mtf,2025-09-11,3
-50.34945342253726,-46.67423603745699,-3.675217385080265,-69.6209144998703,118.54754887642318,-0.5872826149484104,-0.6139343012081492,-0.8657068967509376,-80.42088466796645,79,36.708860759493675,10.828270011309494,-6.56033898381528,0.9573280621708109,-0.177178719782134,164.70000000000002,24.400000000000002,30.5,248.2527328873137,ETH/USDT,4h,Volatility Breakout + MTF Filter,volatility_breakout_mtf,2025-09-11,3
4.330349774395126,-46.67423603745699,51.004585811852124,7.480126389958253,64.55922294023733,0.11586456666125966,0.07492459130119515,0.30396256247512293,-24.608709470826508,37,43.24324324324324,6.473954448042907,-4.309847044222065,1.1444806907779106,0.3534184659465709,99.9,14.8,18.5,521.6517488719757,ETH/USDT,4h,Composite Signal + MTF Filter,composite_mtf,2025-09-11,3
-84.7986145700416,-31.088871724261345,-53.70974284578024,-95.94616127030358,164.27403754212594,-0.5840616247451726,-0.8436127976872959,-1.0783106240898885,-88.97822123498382,39,20.51282051282051,24.611398199500112,-8.06899882784727,0.7871272140595172,-1.3653276427503702,21.6,3.2,4.0,76.00692714979205,BNB/USDT,4h,Mean-Reversion (RSI + BB),mean_reversion,2025-09-11,3
-45.575909123553984,-31.088871724261345,-14.487037399292635,-64.48482971213897,101.19477008182365,-0.6372348063046944,-0.6277574005407335,-0.9000506836372162,-71.64577604846407,67,41.7910447761194,7.4798755873198495,-5.968972621400583,0.899680301611456,-0.3485584446218949,145.8,21.6,27.0,272.1204543822301,BNB/USDT,4h,Volatility Breakout (ATR + Vol),volatility_breakout,2025-09-11,3
-48.155522971341,-31.088871724261345,-17.066651247079655,-67.30143256057319,67.12401254236461,-1.002643167645805,-0.4508694212519456,-1.167012718292587,-57.66983641706959,12,16.666666666666664,2.0238166706894996,-5.705087580129655,0.07094778624392321,-4.416936871659796,32.400000000000006,4.800000000000001,6.0,259.222385143295,BNB/USDT,4h,Trend-Following (EMA + ADX),trend_following,2025-09-11,3
87.4199972150677,-31.088871724261345,118.50886893932903,191.22739817613459,63.095559031364616,3.0307584418275146,1.6798780177145698,8.427429646364608,-22.691070255166775,18,55.55555555555556,13.77362273970935,-6.363459735444736,2.7056081346342338,4.823808306307533,27.0,4.0,5.0,937.0999860753385,BNB/USDT,4h,Momentum Reversal (ROC + S/R),momentum_reversal,2025-09-11,3
-23.45170793661574,-31.088871724261345,7.637163787645607,-36.53986725173045,82.17173299869332,-0.4446768483306967,-0.29404505076541415,-0.731311313196166,-49.96485982424429,33,45.45454545454545,7.317427749075608,-5.8800585307325015,1.037040095041941,0.11879886918027704,70.20000000000002,10.4,13.0,382.7414603169213,BNB/USDT,4h,Composite Signal,composite,2025-09-11,3
13.066983367696782,-31.088871724261345,44.15585509195813,23.241761527532812,28.86731030611614,0.8051239024720831,0.22998429806142887,1.4673728267570536,-15.839029525235201,6,50.0,9.773673218630833,-4.866613161200794,2.0083110974489835,2.4535300287150204,8.100000000000001,1.2000000000000002,1.5,565.3349168384839,BNB/USDT,4h,Momentum Reversal + MTF Filter,momentum_reversal_mtf,2025-09-11,3
-46.53597178279162,-31.088871724261345,-15.447100058530271,-65.5442958895521,101.16914885148995,-0.6478684127882411,-0.6358258615567435,-0.9084957723004251,-72.1459558623875,68,41.17647058823529,7.4798755873198495,-5.864597878229083,0.8927999872865907,-0.36981468653246413,148.5,22.0,27.5,267.32014108604193,BNB/USDT,4h,Volatility Breakout + MTF Filter,volatility_breakout_mtf,2025-09-11,3
-34.0358220589353,-31.088871724261345,-2.946950334673959,-50.73607305369406,42.50161798693702,-1.1937445080158575,-0.5306348278175363,-1.3028882170478544,-38.941232555356315,22,36.36363636363637,4.205867099024425,-4.545082130567623,0.5287809018566202,-1.362918774352333,51.300000000000004,7.6000000000000005,9.5,329.82088970532345,BNB/USDT,4h,Composite Signal + MTF Filter,composite_mtf,2025-09-11,3
-51.74449915348085,-62.00070540516715,10.256206251686306,-71.05901889691002,206.18138854618883,-0.3446432260348822,-0.5274289454791197,-0.8313129523839323,-85.47806057049408,49,26.53061224489796,30.153544463515843,-8.408087521647207,1.2950364654417037,1.822549535640948,29.700000000000003,4.4,5.5,241.2775042325958,SOL/USDT,4h,Mean-Reversion (RSI + BB),mean_reversion,2025-09-11,3
-85.23533971342806,-62.00070540516715,-23.234634308260905,-96.14233686559423,128.41196689709759,-0.7487023148133655,-0.8121783788361623,-1.036579402386168,-92.7496115051853,85,36.470588235294116,8.99324454518315,-7.597561469259112,0.6795323152155017,-1.5467969228154637,151.2,22.4,28.0,73.8233014328597,SOL/USDT,4h,Volatility Breakout (ATR + Vol),volatility_breakout,2025-09-11,3
-46.1266447341954,-62.00070540516715,15.874060670971756,-65.09420576608336,57.694001291042305,-1.1282664455479539,-0.6190058251758356,-1.4112061725102372,-46.126644734195395,17,17.647058823529413,4.7322708950525785,-4.290113327548884,0.236370923450456,-2.6979278765015677,40.5,6.0,7.5,269.366776329023,SOL/USDT,4h,Trend-Following (EMA + ADX),trend_following,2025-09-11,3
260.4620514295528,-62.00070540516715,322.4627568347199,786.2777849857117,107.49770762362942,7.31436792809224,6.242676209587948,18.69975655786964,-42.04748776019831,42,50.0,17.51009247130872,-8.6260533775157,2.0299077347411014,4.4420195468965105,56.7,8.4,10.5,1802.3102571477639,SOL/USDT,4h,Momentum Reversal (ROC + S/R),momentum_reversal,2025-09-11,3
10.02172300628521,-62.00070540516715,72.02242841145237,17.647047316276687,115.32327299002236,0.15302242868014584,0.1526491502520283,0.39320144084849423,-44.88042383109255,69,40.57971014492754,13.484011578678162,-7.22597431437937,1.2743739283599342,1.1780779320787584,120.15000000000002,17.800000000000004,22.25,550.1086150314261,SOL/USDT,4h,Composite Signal,composite,2025-09-11,3
-12.43814421863798,-62.00070540516715,49.56256118652917,-20.22968577102777,59.74416369808658,-0.3386052213109423,-0.1754129276788907,-0.4925194464549529,-41.07388229365687,18,44.44444444444444,11.145980095452405,-8.586392125116465,1.0384785537896657,0.18355108402525452,27.000000000000004,4.0,5.0,437.8092789068101,SOL/USDT,4h,Momentum Reversal + MTF Filter,momentum_reversal_mtf,2025-09-11,3
-83.19920360381244,-62.00070540516715,-21.198498198645275,-95.19385635918589,126.94260434951683,-0.7498968281530157,-0.8007236985655523,-1.0216747643116637,-93.174324828627,81,35.80246913580247,9.546059528230105,-7.469443165777025,0.712739068965521,-1.3774730654534844,156.60000000000002,23.200000000000003,29.0,84.00398198093781,SOL/USDT,4h,Volatility Breakout + MTF Filter,volatility_breakout_mtf,2025-09-11,3
-64.57503708592863,-62.00070540516715,-2.574331680761466,-82.89627935211516,66.93393027438013,-1.2384791840595804,-0.8126267396122442,-1.1831687250465466,-70.06293996560294,45,33.33333333333333,7.482216483398648,-6.219935592745325,0.6014705756861533,-1.6525515673640012,98.55000000000001,14.600000000000001,18.25,177.1248145703569,SOL/USDT,4h,Composite Signal + MTF Filter,composite_mtf,2025-09-11,3
584.6043263972862,-54.05856622925651,638.6628926265427,2540.0404139462685,188.682267997034,13.461998527525635,22.73157037794539,35.81590985090907,-70.9193323447512,44,38.63636363636363,33.50982540361534,-8.32181233094005,2.5353586597222035,7.8404113392290755,40.50000000000001,6.0,7.5,3423.0216319864307,XRP/USDT,4h,Mean-Reversion (RSI + BB),mean_reversion,2025-09-11,3
-68.40022525466334,-54.05856622925651,-14.341659025406827,-85.91858133076238,127.07618582686757,-0.6761186667014105,-0.6694104237997005,-1.1971327975931274,-71.77030109233023,68,33.82352941176471,10.449195298933647,-7.066762074982003,0.7557492049098848,-1.1422470808634737,128.25,19.0,23.75,157.9988737266833,XRP/USDT,4h,Volatility Breakout (ATR + Vol),volatility_breakout,2025-09-11,3
11.773310760050126,-54.05856622925651,65.83187698930664,20.851951849397544,40.96346192935052,0.5090378319430325,0.2983440636605246,0.9659737900827436,-21.58645717251956,8,62.5,7.323178304828755,-6.945636563855773,1.757261132583504,1.972372729072057,21.6,3.2,4.0,558.8665538002506,XRP/USDT,4h,Trend-Following (EMA + ADX),trend_following,2025-09-11,3
341.84134869168776,-54.05856622925651,395.89991492094424,1153.1575851162022,109.47582614903095,10.533444922775855,9.606081441141542,26.529324665265605,-43.46728006333353,35,54.285714285714285,18.20376045699387,-8.26709791781646,2.614819100677809,6.102796628509149,51.300000000000004,7.6000000000000005,9.5,2209.2067434584387,XRP/USDT,4h,Momentum Reversal (ROC + S/R),momentum_reversal,2025-09-11,3
124.56025510029014,-54.05856622925651,178.61882132954665,296.1313267576637,115.4479728797529,2.565063026841581,2.579882946825481,5.513927734306105,-53.706058734723364,58,46.55172413793103,13.557680220893955,-7.03024929618109,1.6796420198483972,2.55378685831936,112.05000000000001,16.6,20.75,1122.8012755014506,XRP/USDT,4h,Composite Signal,composite,2025-09-11,3
60.71397545485573,-54.05856622925651,114.77254168411224,124.19576927667167,59.68903349065283,2.080713357439779,1.341614530140793,3.660334216486716,-33.930171927272255,20,55.00000000000001,12.24421648668817,-8.562283790151913,1.747799284688796,2.8812913621101326,32.400000000000006,4.800000000000001,6.0,803.5698772742786,XRP/USDT,4h,Momentum Reversal + MTF Filter,momentum_reversal_mtf,2025-09-11,3
-67.44557994896591,-54.05856622925651,-13.387013719709406,-85.18704642186987,124.57682829317662,-0.6838113282302578,-0.6602237008163622,-1.193841451857146,-71.35541012531644,67,32.83582089552239,10.876924623053776,-6.8399917310056555,0.777428950591894,-1.0224968087771857,141.75000000000003,21.0,26.25,162.77210025517041,XRP/USDT,4h,Volatility Breakout + MTF Filter,volatility_breakout_mtf,2025-09-11,3
-44.42749743588267,-54.05856622925651,9.631068793373842,-63.20018712492303,68.55714905011858,-0.9218613667660049,-0.6583426542550711,-1.065669748559785,-59.30560308232062,45,37.77777777777778,8.006675597287542,-6.247330810900032,0.7781236572059826,-0.862483945584727,103.95000000000002,15.400000000000002,19.25,277.8625128205867,XRP/USDT,4h,Composite Signal + MTF Filter,composite_mtf,2025-09-11,3
-45.686025575477295,-71.7887291809263,26.102703605448994,-64.6070186975976,214.0792805601953,-0.301790152361014,-0.47123491341813684,-0.8679790302539833,-74.43384741529141,47,27.659574468085108,29.711975156612475,-7.924137923870619,1.4336526191790315,2.4858508005183237,24.300000000000004,3.6,4.5,271.5698721226135,ADA/USDT,4h,Mean-Reversion (RSI + BB),mean_reversion,2025-09-11,3
-54.58503937801154,-71.7887291809263,17.203689802914756,-73.89769546384284,146.84615386745477,-0.5032320800893691,-0.632080937459683,-0.8676614015392867,-85.16881738976012,79,35.44303797468354,11.996298505942587,-6.654642693095666,0.9897155121694423,-0.0441825212846399,144.45000000000002,21.4,26.75,227.0748031099423,ADA/USDT,4h,Volatility Breakout (ATR + Vol),volatility_breakout,2025-09-11,3
-22.75577971215431,-71.7887291809263,49.03294946877198,-35.55500117984579,47.44083824594643,-0.7494598007631912,-0.28638682352156886,-0.9612949249155871,-36.986569114538845,16,37.5,5.3180794566657035,-5.760802595744589,0.5538894313713247,-1.6062218260907295,37.800000000000004,5.6000000000000005,7.0,386.22110143922845,ADA/USDT,4h,Trend-Following (EMA + ADX),trend_following,2025-09-11,3
171.1617402036857,-71.7887291809263,242.95046938461198,446.003215741222,117.97252858082099,3.7805684179742975,3.8832829445523465,8.19602935606243,-54.416986124058084,52,44.230769230769226,15.95478094600721,-7.190471090501273,1.759800105653745,3.0468519256467084,62.10000000000001,9.200000000000001,11.5,1355.8087010184286,ADA/USDT,4h,Momentum Reversal (ROC + S/R),momentum_reversal,2025-09-11,3
26.121528205889845,-71.7887291809263,97.91025738681614,48.42468621738261,126.22287809459345,0.38364428817010787,0.41903462128821223,0.8659172900486511,-55.92299261591357,74,43.24324324324324,12.521847219362591,-7.4069993821881175,1.2880323774858875,1.2108802292932697,116.10000000000002,17.200000000000003,21.5,630.6076410294493,ADA/USDT,4h,Composite Signal,composite,2025-09-11,3
56.34150928627637,-71.7887291809263,128.13023846720267,113.91585842890551,69.8209735816182,1.6315421081280392,1.0390399327283713,3.0938525394393053,-36.82006720641906,21,47.61904761904761,13.921532233685632,-7.323383954561173,1.7281544259846233,2.7932428017468296,32.400000000000006,4.8,6.0,781.7075464313818,ADA/USDT,4h,Momentum Reversal + MTF Filter,momentum_reversal_mtf,2025-09-11,3
-48.30640514046725,-71.7887291809263,23.482324040459048,-67.46319808003246,145.6221064080124,-0.46327580162183735,-0.5739721230016307,-0.7932631195586067,-85.04517154102767,75,34.66666666666667,12.579591586805355,-6.503657987570416,1.0263278518844472,0.11186853154651803,147.15000000000003,21.800000000000004,27.25,258.4679742976638,ADA/USDT,4h,Volatility Breakout + MTF Filter,volatility_breakout_mtf,2025-09-11,3
-11.864935524788024,-71.7887291809263,59.92379365613827,-19.339049713592615,76.26587942311232,-0.25357407348969646,-0.18112924553898888,-0.41739988440224773,-46.33218751674497,42,47.61904761904761,8.47245407878519,-7.22694794600902,1.0657653878588205,0.24895778008346128,83.70000000000002,12.400000000000002,15.5,440.6753223760599,ADA/USDT,4h,Composite Signal + MTF Filter,composite_mtf,2025-09-11,3
-61.14094803171943,-66.75881133379409,5.617863302074655,-79.97986897140481,219.59279200275967,-0.3642190084745573,-0.5285200595810139,-0.9131188273402187,-87.5897709878291,45,33.33333333333333,22.62286429439186,-7.634280718102439,1.4816631146892745,2.45143428606233,27.000000000000004,4.0,5.0,194.2952598414028,AVAX/USDT,4h,Mean-Reversion (RSI + BB),mean_reversion,2025-09-11,3
-34.564657853696005,-66.75881133379409,32.19415348009809,-51.406240198390144,156.09126410221964,-0.3293345114094642,-0.40169127649686764,-0.6825700884928583,-75.31276430805391,74,44.5945945945946,10.157218653990903,-6.981789090544741,1.1709494837551888,0.6612819306671005,137.70000000000002,20.4,25.5,327.17671073152,AVAX/USDT,4h,Volatility Breakout (ATR + Vol),volatility_breakout,2025-09-11,3
-56.01866207836616,-66.75881133379409,10.740149255427923,-75.28422330923453,73.22700178763947,-1.0280937560104,-0.540155646780981,-1.2337586501778839,-61.020219228760844,16,18.75,1.5653452714529121,-5.446479550256946,0.06632422298627735,-4.131762396186348,35.1,5.2,6.5,219.90668960816913,AVAX/USDT,4h,Trend-Following (EMA + ADX),trend_following,2025-09-11,3
155.13165689213383,-66.75881133379409,221.89046822592795,392.22437042198715,119.82670278890517,3.273263482121812,3.31927363174406,7.202282494361341,-54.4583429946075,51,52.94117647058824,13.477402139088282,-7.704034335770372,1.968069811952385,3.509667327390091,71.55000000000001,10.600000000000001,13.25,1275.6582844606692,AVAX/USDT,4h,Momentum Reversal (ROC + S/R),momentum_reversal,2025-09-11,3
-18.636033848469037,-66.75881133379409,48.12277748532505,-29.597441891384303,127.48078024268388,-0.23217179746656672,-0.23921388603170027,-0.43292986881664364,-68.36544212642335,61,42.62295081967213,12.542199735092499,-7.337325897983131,1.2698172045098182,1.13591453578681,95.85000000000001,14.200000000000001,17.75,406.8198307576548,AVAX/USDT,4h,Composite Signal,composite,2025-09-11,3
-2.137730292254969,-66.75881133379409,64.62108104153911,-3.610290835958707,60.23925012646234,-0.05993253283165874,-0.034204591044426025,-0.10244384620400736,-35.24165647557931,19,52.63157894736842,8.797403082182573,-7.457266129676103,1.310787645708006,1.097822929196884,29.700000000000003,4.4,5.5,489.31134853872516,AVAX/USDT,4h,Momentum Reversal + MTF Filter,momentum_reversal_mtf,2025-09-11,3
-37.48537414804275,-66.75881133379409,29.273437185751337,-55.03900801749631,153.28568448008045,-0.35906163190763357,-0.4298323374663902,-0.7804205911160382,-70.52480245144214,69,43.47826086956522,10.49520466015988,-7.24131229710815,1.114885537693661,0.4702168147475156,137.7,20.4,25.5,312.57312925978624,AVAX/USDT,4h,Volatility Breakout + MTF Filter,volatility_breakout_mtf,2025-09-11,3
-56.89218458920033,-66.75881133379409,9.866626744593754,-76.11369743585334,74.2984250795268,-1.0244321781300685,-0.6422349003442958,-1.218992295330384,-62.43985111917727,32,34.375,8.563258089032223,-7.61535386623812,0.589009548428221,-2.0539560066139395,70.20000000000002,10.4,13.0,215.53907705399834,AVAX/USDT,4h,Composite Signal + MTF Filter,composite_mtf,2025-09-11,3
-34.4971333636394,-61.930989794265535,27.433856430626136,-51.32088063535933,218.61041300874936,-0.23475954291941867,-0.3649298551517057,-0.621893551625982,-82.52357738905232,41,29.268292682926827,30.99936615143559,-7.392525947560504,1.7351746907246122,3.8441253984871353,21.6,3.2,4.0,327.514333181803,DOGE/USDT,4h,Mean-Reversion (RSI + BB),mean_reversion,2025-09-11,3
-80.56136843606335,-61.930989794265535,-18.630378641797808,-93.84013797110724,143.9938645706601,-0.6516953916814864,-0.7305268285199736,-1.0536058698575588,-89.06569397130815,77,38.961038961038966,9.926054927078644,-7.79219482127189,0.8130930868659069,-0.8889806336028505,140.4,20.8,26.0,97.19315781968326,DOGE/USDT,4h,Volatility Breakout (ATR + Vol),volatility_breakout,2025-09-11,3
-47.111563239766404,-61.930989794265535,14.819426554499127,-66.17312727798925,43.247468080474604,-1.5301040781128443,-0.6322407385005211,-1.404604787601978,-47.111563239766404,17,35.294117647058826,3.644654591676865,-7.271924163264297,0.27337928298052205,-3.419014014461534,35.1,5.2,6.5,264.44218380116797,DOGE/USDT,4h,Trend-Following (EMA + ADX),trend_following,2025-09-11,3
262.8448685226545,-61.930989794265535,324.77585831692,796.2702333881481,99.45652202116806,8.006214345788928,7.1514241951615825,18.98395155660233,-41.94438818567346,41,53.65853658536586,14.917847760356462,-7.344081896509709,2.3520022856686427,4.601343773028235,55.35000000000001,8.200000000000001,10.25,1814.2243426132725,DOGE/USDT,4h,Momentum Reversal (ROC + S/R),momentum_reversal,2025-09-11,3
272.73039483646846,-61.930989794265535,334.661384630734,838.217483686156,124.48180395054197,6.733654695582571,7.518134150782184,18.72079350947701,-44.77467705959291,54,53.70370370370371,13.349045763045545,-7.204223148238481,2.1494188570379134,3.833643489302941,90.45000000000002,13.400000000000002,16.75,1863.6519741823422,DOGE/USDT,4h,Composite Signal,composite,2025-09-11,3
36.33345926311491,-61.930989794265535,98.26444905738045,69.45087025239647,58.450956473310676,1.1881904838308073,0.648547485831157,1.7032260812457234,-40.77607254675243,17,41.17647058823529,16.441176007104456,-5.850614637018823,1.9671135289193196,3.3283579811495856,29.7,4.4,5.5,681.6672963155745,DOGE/USDT,4h,Momentum Reversal + MTF Filter,momentum_reversal_mtf,2025-09-11,3
-77.738726517757,-61.930989794265535,-15.807736723491473,-92.24163147579938,143.53362150379232,-0.6426482555751737,-0.7110599095303789,-1.054455834366393,-87.47794688928438,73,39.726027397260275,10.145839660992339,-7.837291919181586,0.8532323096563103,-0.6933081407563279,143.1,21.2,26.5,111.30636741121498,DOGE/USDT,4h,Volatility Breakout + MTF Filter,volatility_breakout_mtf,2025-09-11,3
71.01353350929172,-61.930989794265535,132.94452330355725,149.19082799562543,95.03418161418202,1.5698649208271982,1.4159077892868006,2.966656888158723,-50.28920890417557,27,51.85185185185185,12.68482600249991,-6.299049825878702,2.1686734073325793,3.5444413443916876,64.80000000000001,9.600000000000001,12.0,855.0676675464586,DOGE/USDT,4h,Composite Signal + MTF Filter,composite_mtf,2025-09-11,3
208.40382571473032,-70.63911580970684,279.04294152443714,579.6756074898763,248.06569945538618,2.3367825893000136,4.017939945656847,6.76386479650944,-85.70183244777803,49,32.6530612244898,37.6424169940889,-8.148740151347313,2.239716631852747,6.8034744267543035,35.10000000000001,5.2,6.5,1542.0191285736516,DOT/USDT,4h,Mean-Reversion (RSI + BB),mean_reversion,2025-09-11,3
7.064843270596377,-70.63911580970684,77.7039590803032,12.317668656869852,172.525080343854,0.07139639426522751,0.08766424109179921,0.1941739009383661,-63.43627334746535,54,38.88888888888889,15.609874967474251,-6.928309317135134,1.4337634685154554,1.836540126879628,106.65,15.799999999999999,19.75,535.3242163529819,DOT/USDT,4h,Volatility Breakout (ATR + Vol),volatility_breakout,2025-09-11,3
-33.58905112863888,-70.63911580970684,37.05006468106795,-50.166956341674926,107.57354643473317,-0.46635030641210784,-0.2952166227157626,-0.9398318985570622,-53.378648265394055,19,36.84210526315789,7.216327413092763,-3.9520391805746726,1.065152477484294,0.16262219603964573,45.900000000000006,6.800000000000001,8.5,332.0547443568056,DOT/USDT,4h,Trend-Following (EMA + ADX),trend_following,2025-09-11,3
556.8527305007525,-70.63911580970684,627.4918463104592,2360.534621146827,117.91944754464976,20.018196067726823,18.25775055083829,65.02163994103857,-36.30383089825715,41,65.85365853658537,13.667167239282824,-8.276674969318,3.1846252685890137,6.17414794854108,66.15,9.8,12.25,3284.2636525037624,DOT/USDT,4h,Momentum Reversal (ROC + S/R),momentum_reversal,2025-09-11,3
618.216056972995,-70.63911580970684,688.855172782702,2764.3813698948584,159.49102639982004,17.332519780548466,22.76344271484641,61.44893991284283,-44.98664051512958,57,49.122807017543856,16.95770203628896,-6.588459507772799,2.485095896983792,4.9780759875557825,112.05000000000003,16.6,20.75,3591.0802848649755,DOT/USDT,4h,Composite Signal,composite,2025-09-11,3
14.310752014517124,-70.63911580970684,84.94986782422396,25.55754629614222,64.27761999709928,0.3976118950467609,0.18672099425323435,1.113185962655024,-22.958918952935534,17,52.94117647058824,10.860156323871822,-7.473730662898927,1.6347492859231265,2.232444800685587,24.300000000000004,3.6,4.5,571.5537600725856,DOT/USDT,4h,Momentum Reversal + MTF Filter,momentum_reversal_mtf,2025-09-11,3
80.31036610511022,-70.63911580970684,150.94948191481706,172.67977764974364,171.00342115753685,1.0098030582128672,1.2153824365160486,2.9307559977189888,-58.91987520767357,50,42.0,15.609874967474251,-6.466290275267099,1.7480969893803373,2.8056991266842695,109.35000000000002,16.200000000000003,20.25,901.551830525551,DOT/USDT,4h,Volatility Breakout + MTF Filter,volatility_breakout_mtf,2025-09-11,3
148.69821563692193,-70.63911580970684,219.33733144662875,371.29101216203014,125.49267780327573,2.958666741848251,3.508712800991766,10.159991418742996,-36.54442182668365,26,38.46153846153847,22.19490935388128,-5.496905447004178,2.52356866602753,5.153792553336381,62.10000000000001,9.200000000000001,11.5,1243.4910781846095,DOT/USDT,4h,Composite Signal + MTF Filter,composite_mtf,2025-09-11,3
-78.84949857003024,-60.3316326530613,-18.517865916968944,-92.88877761691748,210.51196159204508,-0.44125177930234816,-0.6443423782333927,-1.079344348510162,-86.06037336011765,40,32.5,18.58458330826876,-8.254279317782292,1.0840598384772593,0.4683510356842995,21.6,3.2,4.0,105.75250714984881,LINK/USDT,4h,Mean-Reversion (RSI + BB),mean_reversion,2025-09-11,3
-86.99561686311934,-60.3316326530613,-26.663984210058047,-96.89181368155239,135.6235461892685,-0.7144173442149616,-0.8249168292420936,-1.0841010515662444,-89.37526030582563,86,31.3953488372093,10.523042607663774,-7.181927389462917,0.670520517233196,-1.6233902973417462,148.5,22.0,27.5,65.02191568440327,LINK/USDT,4h,Volatility Breakout (ATR + Vol),volatility_breakout,2025-09-11,3
-44.98514026031268,-60.3316326530613,15.346492392748612,-63.826331201941876,72.51399203143411,-0.880193317370719,-0.4805831930792322,-1.2166754555078065,-52.45961929535476,14,21.428571428571427,7.908035197092138,-6.052347715076922,0.35634715212438983,-3.0608370910406957,37.800000000000004,5.6,7.0,275.07429869843656,LINK/USDT,4h,Trend-Following (EMA + ADX),trend_following,2025-09-11,3
156.13535187746402,-60.3316326530613,216.46698453052534,395.523997173848,106.90165899693251,3.6998864272555143,3.1738506505269326,8.708388555659935,-45.418735584183466,39,51.28205128205128,15.65153469274849,-8.474387516150275,1.9441286635971216,3.897880283284992,51.30000000000001,7.6,9.5,1280.67675938732,LINK/USDT,4h,Momentum Reversal (ROC + S/R),momentum_reversal,2025-09-11,3
-42.51666877657859,-60.3316326530613,17.814963876482704,-61.02115898039795,107.15686089579941,-0.5694563882357065,-0.5311676867916951,-0.9596041452249197,-63.589928497125584,60,41.66666666666667,10.590214225540782,-7.6159546210652795,0.9932357936595814,-0.030050934979420827,94.5,14.0,17.5,287.41665611710704,LINK/USDT,4h,Composite Signal,composite,2025-09-11,3
36.49471713209187,-60.3316326530613,96.82634978515317,69.7920694381693,57.91567219553566,1.205063617366581,0.6069606477648936,2.0967316785226546,-33.28612342393015,18,50.0,11.805128899103021,-6.571374623506561,1.7964474064337652,2.6168771377982294,32.400000000000006,4.800000000000001,6.0,682.4735856604593,LINK/USDT,4h,Momentum Reversal + MTF Filter,momentum_reversal_mtf,2025-09-11,3
-83.24041328464553,-60.3316326530613,-22.908780631584236,-95.21389912886735,133.52414312971138,-0.713083768201922,-0.798425372951187,-1.097770966968537,-86.73384703532267,76,31.57894736842105,11.352110711728699,-7.533911685313445,0.6954469247787008,-1.5699046125632936,145.8,21.6,27.0,83.79793357677232,LINK/USDT,4h,Volatility Breakout + MTF Filter,volatility_breakout_mtf,2025-09-11,3
-54.763204843178315,-60.3316326530613,5.568427809882981,-74.0717040395105,53.66356372062645,-1.380297894957726,-0.7790041644784117,-1.2191780915314134,-60.75544217372606,35,37.142857142857146,4.818055618986115,-5.935396518613447,0.4796702051558319,-1.9412571532193241,83.7,12.4,15.5,226.1839757841084,LINK/USDT,4h,Composite Signal + MTF Filter,composite_mtf,2025-09-11,3
-73.80561397848754,-55.04201680672273,-18.763597171764822,-94.97427424701279,223.4381437802903,-0.4250584642360897,-0.7040743091547562,-1.0695628984692882,-88.79727819928667,39,17.94871794871795,37.4949202773697,-6.9680184530905525,1.177094157527202,1.0125090113510327,10.8,1.6,2.0,130.9719301075623,POL/USDT,4h,Mean-Reversion (RSI + BB),mean_reversion,2025-11-01,3
-81.28733482357873,-55.04201680672273,-26.245318016856,-97.62805811867297,149.28277971293124,-0.6539807090034792,-0.617131147581251,-1.1518945714134707,-84.7543347642269,61,32.78688524590164,10.375415235456247,-7.637121387960281,0.6627075708939245,-1.7313716753646982,97.20000000000002,14.4,18.0,93.5633258821064,POL/USDT,4h,Volatility Breakout (ATR + Vol),volatility_breakout,2025-11-01,3
-25.68767754529069,-55.04201680672273,29.354339261432038,-48.45884385332291,40.76925837980298,-1.1886123461428806,-0.34878184937471607,-1.5397413835302034,-31.47206691439319,9,33.33333333333333,3.2903933561639414,-4.914837151862434,0.3347408321471115,-2.1797603158536427,18.900000000000002,2.8,3.5,371.5616122735466,POL/USDT,4h,Trend-Following (EMA + ADX),trend_following,2025-11-01,3
22.32316233979612,-55.04201680672273,77.36517914651884,56.803522137927764,137.93984436837076,0.41179923319496414,0.4644228799816764,0.9415702707786442,-60.32850006081153,37,51.35135135135135,14.300645218670411,-8.566075833242621,1.7621984444751762,3.1762944366586643,43.2,6.4,8.0,611.6158116989806,POL/USDT,4h,Momentum Reversal (ROC + S/R),momentum_reversal,2025-11-01,3
-43.722008902642806,-55.04201680672273,11.32000790407992,-72.28901966095167,137.62735350862712,-0.5252518327064993,-0.5642917408116718,-0.9141205525475607,-79.08040078465531,49,44.89795918367347,11.190177223455294,-7.638037673583158,1.1937519257871483,0.815446565903494,64.80000000000001,9.600000000000001,12.0,281.389955486786,POL/USDT,4h,Composite Signal,composite,2025-11-01,3
0.8542407794050799,-55.04201680672273,55.89625758612781,1.9170656982136824,72.9825935032156,0.026267437291457956,0.018033846819339276,0.04448241663095808,-43.09715711082741,17,41.17647058823529,15.627183718051349,-8.4273064776894,1.2980456604486998,1.4774836029097316,24.3,3.6,4.5,504.2712038970254,POL/USDT,4h,Momentum Reversal + MTF Filter,momentum_reversal_mtf,2025-11-01,3
-82.13368767973614,-55.04201680672273,-27.091670873013417,-97.86090109827258,146.35996176828652,-0.6686316388439862,-0.6101402659258477,-1.1453237157163025,-85.44387910196106,58,32.758620689655174,10.189712509041572,-7.839927296330496,0.6331970600014108,-1.9336659807775776,105.30000000000001,15.600000000000001,19.5,89.33156160131928,POL/USDT,4h,Volatility Breakout + MTF Filter,volatility_breakout_mtf,2025-11-01,3
-40.14827660584777,-55.04201680672273,14.89374020087496,-68.20620342309897,62.10479214862483,-1.098243807979788,-0.5843620292589573,-1.1197350862772186,-60.91280362560043,22,40.909090909090914,8.297076584515345,-8.061842495897062,0.7125083311971657,-1.3695574175465313,43.2,6.4,8.0,299.2586169707612,POL/USDT,4h,Composite Signal + MTF Filter,composite_mtf,2025-11-01,3
234.52295217716812,-67.05978873961662,301.58274091678476,680.5123369029562,275.3140917608234,2.471767182531816,4.039445566018727,9.868709440514673,-68.95656833397116,43,34.883720930232556,40.61980527974309,-7.396014930688974,2.942207415103722,9.353689793880351,27.000000000000004,4.0,5.0,1672.6147608858405,UNI/USDT,4h,Mean-Reversion (RSI + BB),mean_reversion,2025-09-11,3
-66.1017778830008,-67.05978873961662,0.9580108566158207,-84.13156289968241,181.00176295948128,-0.46481073733251954,-0.579016074130099,-0.9460208767552524,-88.93203624453238,75,33.33333333333333,14.713918363664211,-6.891908381232294,1.0674777978572982,0.3100338670665415,136.35000000000002,20.200000000000003,25.25,169.49111058499597,UNI/USDT,4h,Volatility Breakout (ATR + Vol),volatility_breakout,2025-09-11,3
-50.23884068465326,-67.05978873961662,16.82094805496336,-69.50565928349188,167.95826280745325,-0.41382697178270367,-0.32600652050849305,-0.9047950027204609,-76.81923427351849,15,26.666666666666668,24.455493224292468,-8.21983763140387,1.0818834903794343,0.4935839301151523,51.300000000000004,7.6,9.5,248.80579657673368,UNI/USDT,4h,Trend-Following (EMA + ADX),trend_following,2025-09-11,3
714.3338042302835,-67.05978873961662,781.3935929699002,3446.91144467207,141.93664713447473,24.28485887373661,24.572933428731808,90.19392333961403,-38.21667044788764,48,58.333333333333336,15.562647172276284,-5.953302989924029,3.659767708457392,6.597667938026152,72.9,10.8,13.5,4071.6690211514174,UNI/USDT,4h,Momentum Reversal (ROC + S/R),momentum_reversal,2025-09-11,3
73.85032367231355,-67.05978873961662,140.91011241193016,156.2655637660128,119.08153670283464,1.3122568627575752,1.2899386059418647,3.4406804925866736,-45.417051685765145,50,46.0,14.188810028523152,-6.707393254395629,1.8020061803369924,2.904860255747011,97.20000000000002,14.400000000000002,18.0,869.2516183615677,UNI/USDT,4h,Composite Signal,composite,2025-09-11,3
39.40914212576867,-67.05978873961662,106.46893086538529,76.00725643199225,87.57374670913933,0.8679228568858299,0.5223679932644396,1.971154990544862,-38.55975648621243,24,54.166666666666664,11.422626330672466,-6.273656716955249,2.151770186153161,3.3118299338430983,37.800000000000004,5.6000000000000005,7.0,697.0457106288434,UNI/USDT,4h,Momentum Reversal + MTF Filter,momentum_reversal_mtf,2025-09-11,3
-45.516321132787354,-67.05978873961662,21.54346760682927,-64.41863644897727,177.31329379105856,-0.363304042644916,-0.44256037845304136,-0.7534726269066481,-85.49565591180853,72,33.33333333333333,15.144759874988587,-6.827111261940521,1.1091631067606096,0.4968457837025147,144.45000000000002,21.4,26.75,272.4183943360632,UNI/USDT,4h,Volatility Breakout + MTF Filter,volatility_breakout_mtf,2025-09-11,3
-12.173790699932841,-67.05978873961662,54.885998039683784,-19.819447094908792,77.26115388322731,-0.25652538305166855,-0.16219112189787105,-0.32402273566608464,-61.166840821112444,31,32.25806451612903,13.386303391776327,-5.885669374309186,1.0830425192390858,0.33109603410549465,72.9,10.8,13.5,439.1310465003358,UNI/USDT,4h,Composite Signal + MTF Filter,composite_mtf,2025-09-11,3
-54.36843776119977,-61.62489196197072,7.256454200770945,-73.68550157447832,201.03555760028837,-0.3665296948163991,-0.5595505867455888,-0.8636972197264997,-85.3140428051994,49,24.489795918367346,32.53973682618913,-8.621892146341851,1.2240269282796346,1.4585067857065541,21.6,3.2,4.0,228.1578111940011,ATOM/USDT,4h,Mean-Reversion (RSI + BB),mean_reversion,2025-09-11,3
-35.00082044503947,-61.62489196197072,26.624071516931245,-51.956116111303196,150.05366653892827,-0.346250227066756,-0.4080100103636471,-0.7587586688455137,-68.475153226726,63,41.269841269841265,10.11612997247154,-6.460552659600529,1.1003132776859237,0.3806179504609592,126.9,18.799999999999997,23.5,324.99589777480264,ATOM/USDT,4h,Volatility Breakout (ATR + Vol),volatility_breakout,2025-09-11,3
25.89133809712598,-61.62489196197072,87.5162300590967,47.96401516055513,104.24899671704941,0.4600909041910314,0.3635774308843001,0.9114848393936776,-52.62184634081345,16,43.75,20.985220128184512,-8.900447456520624,1.8338221709875022,4.174532111787872,45.900000000000006,6.8,8.5,629.4566904856299,ATOM/USDT,4h,Trend-Following (EMA + ADX),trend_following,2025-09-11,3
15.64834113015574,-61.62489196197072,77.27323309212646,28.067820193998074,101.75829150042193,0.27582833575661686,0.24851762567198285,0.41977443521712005,-66.86405326108186,36,47.22222222222222,14.604385485287455,-9.744325956122072,1.3409939085406286,1.7536766689879812,40.5,6.0,7.5,578.2417056507787,ATOM/USDT,4h,Momentum Reversal (ROC + S/R),momentum_reversal,2025-09-11,3
235.21999815570283,-61.62489196197072,296.8448901176736,683.2818162494998,100.8520136697619,6.775093440244968,6.087523072968283,15.842296723033439,-43.130224625578585,43,48.837209302325576,14.485227937400957,-6.759790076576912,2.0454493895619117,3.615683837226232,87.75,13.0,16.25,1676.0999907785142,ATOM/USDT,4h,Composite Signal,composite,2025-09-11,3
-8.096744567384784,-61.62489196197072,53.528147394585936,-13.383089472502085,61.09452172893892,-0.21905547492260433,-0.1273412591543772,-0.22881469652063913,-58.48876700668975,15,33.33333333333333,18.351265148876355,-8.336779201296737,1.1006207976590006,0.5592355820942954,16.200000000000003,2.4000000000000004,3.0,459.5162771630761,ATOM/USDT,4h,Momentum Reversal + MTF Filter,momentum_reversal_mtf,2025-09-11,3
-38.00327961482871,-61.62489196197072,23.62161234714201,-55.6709907548528,147.61017438331027,-0.37714873644338237,-0.43996772678960816,-0.8634121127384676,-64.47788944989686,62,40.32258064516129,9.773013908683993,-6.281870378402102,1.051181794333285,0.19187328574551613,132.3,19.6,24.5,309.9836019258564,ATOM/USDT,4h,Volatility Breakout + MTF Filter,volatility_breakout_mtf,2025-09-11,3
94.42370896912774,-61.62489196197072,156.04860093109846,209.98796496672614,75.5822013007386,2.7782726799817894,2.0358408896913933,7.566265045603823,-27.753186506297983,28,46.42857142857143,12.451561372072515,-5.301921149429413,2.0353665935395635,2.9407671641250532,63.45000000000001,9.4,11.75,972.1185448456388,ATOM/USDT,4h,Composite Signal + MTF Filter,composite_mtf,2025-09-11,3
234.04652150025083,-52.19910455622884,286.2456260564797,678.621726414627,203.06282302523323,3.3419299323456135,5.553315381304258,9.535311936764712,-71.16932628057056,38,44.73684210526316,26.37201752082018,-7.538231631752505,2.83206687339744,7.632142989135277,32.400000000000006,4.800000000000001,6.0,1670.232607501254,LTC/USDT,4h,Mean-Reversion (RSI + BB),mean_reversion,2025-09-11,3
-71.97765826231533,-52.19910455622884,-19.778553706086488,-88.52226972460089,109.73258647039692,-0.8067090421538725,-0.7434943849771634,-1.0442539961553607,-84.77082208975413,56,35.714285714285715,9.782899439195411,-7.856350828580343,0.6917898973038157,-1.5566185900890017,106.65,15.8,19.75,140.1117086884234,LTC/USDT,4h,Volatility Breakout (ATR + Vol),volatility_breakout,2025-09-11,3
-38.9844243140353,-52.19910455622884,13.214680242193532,-56.85811510767096,86.71804508122234,-0.6556664769646986,-0.37990400489588183,-0.9685769082402775,-58.70273658595835,15,26.666666666666668,10.236865902913927,-5.69669782954406,0.6534481559936689,-1.4477475008885965,29.700000000000003,4.4,5.5,305.0778784298235,LTC/USDT,4h,Trend-Following (EMA + ADX),trend_following,2025-09-11,3
271.5419447798331,-52.19910455622884,323.74104933606196,833.132740786654,122.40971899876487,6.806099610399894,6.232112544439711,24.68114972155658,-33.75583188732062,24,50.0,21.23921018005226,-6.7738185908740185,3.1354855308151657,7.232695794589122,32.400000000000006,4.800000000000001,6.0,1857.7097238991655,LTC/USDT,4h,Momentum Reversal (ROC + S/R),momentum_reversal,2025-09-11,3
236.36400207222303,-52.19910455622884,288.56310662845186,687.8358963685862,122.79671729049602,5.601419252449528,6.1322358172729725,19.110289573793093,-35.992960426505014,37,45.94594594594595,16.119648383221946,-5.87593977356974,2.3318314437750987,4.2301412714426565,75.60000000000001,11.200000000000001,14.0,1681.8200103611152,LTC/USDT,4h,Composite Signal,composite,2025-09-11,3
-14.506239177504444,-52.19910455622884,37.69286537872439,-23.409050332528146,50.627424712008306,-0.4623788483354509,-0.1713752772447697,-0.8129049606241131,-28.796786176031812,10,40.0,8.057705609546346,-7.466564504372986,0.7194478446615481,-1.2568564588052522,13.5,2.0,2.5,427.4688041124778,LTC/USDT,4h,Momentum Reversal + MTF Filter,momentum_reversal_mtf,2025-09-11,3
-74.92708245408238,-52.19910455622884,-22.727977897853545,-90.50121703313883,107.77902140708981,-0.8396923246436673,-0.7574286250235999,-1.049490408836884,-86.23348652937037,56,32.142857142857146,10.196872386031822,-7.4248676465895755,0.6505297704846843,-1.7607369218184132,112.05000000000001,16.6,20.75,125.36458772958808,LTC/USDT,4h,Volatility Breakout + MTF Filter,volatility_breakout_mtf,2025-09-11,3
-20.888092310954676,-52.19910455622884,31.31101224527416,-32.88105550690308,50.880267599726295,-0.6462437612470411,-0.3362905313331954,-0.8267059058376565,-39.77358244899252,22,31.818181818181817,8.902291950955432,-5.519728748751528,0.7526462077299587,-0.9309039806629507,56.7,8.4,10.5,395.5595384452266,LTC/USDT,4h,Composite Signal + MTF Filter,composite_mtf,2025-09-11,3
3790.822868151818,-63.00322061191651,3853.826088763735,50676.75639744117,298.2465332675826,169.91565951237627,334.7177873713863,888.8747414698074,-57.01225834547186,46,41.30434782608695,44.72709124065607,-7.116293042661735,4.422895399789575,14.297278726534742,37.800000000000004,5.6,7.0,19454.11434075909,FIL/USDT,4h,Mean-Reversion (RSI + BB),mean_reversion,2025-09-11,3
-40.21362548978231,-63.00322061191651,22.789595122134198,-58.32656949090605,200.11732610107126,-0.2914618670321811,-0.4621054837973986,-0.6690904617205123,-87.17292029679211,83,32.53012048192771,15.203049278563425,-6.444328204927677,1.1374407670368627,0.5975897716296708,141.75,21.0,26.25,298.9318725510884,FIL/USDT,4h,Volatility Breakout (ATR + Vol),volatility_breakout,2025-09-11,3
-17.350763370976264,-63.00322061191651,45.65245724094025,-27.694555913096096,66.88303358483758,-0.4140744584793246,-0.2516654610648538,-0.5725719519775528,-48.36869116177356,16,43.75,9.039610401155125,-7.718753309876271,0.9108735319719683,-0.386969186300036,35.1,5.199999999999999,6.5,413.24618314511866,FIL/USDT,4h,Trend-Following (EMA + ADX),trend_following,2025-09-11,3
2242.1050410515804,-63.00322061191651,2305.1082616634967,21307.483402517126,194.06825278858028,109.79376119663267,146.81155978025097,479.82864992781975,-44.40644260346354,51,58.82352941176471,18.77610122443432,-6.251280884670055,4.2908009164921115,8.470708591273695,72.9,10.8,13.5,11710.525205257902,FIL/USDT,4h,Momentum Reversal (ROC + S/R),momentum_reversal,2025-09-11,3
1248.8909683991533,-63.00322061191651,1311.8941890110698,8271.522034532403,186.91698891348082,44.25238220781035,62.38355851705442,245.05448024111888,-33.7538086485655,55,58.18181818181818,15.555744652574427,-6.413332804501147,3.374653371116089,6.3686758977973685,97.20000000000002,14.4,18.0,6744.454841995766,FIL/USDT,4h,Composite Signal,composite,2025-09-11,3
95.32343465394364,-63.00322061191651,158.32665526586015,212.43294579418804,98.86056743703936,2.148813741429096,1.5202463083864153,5.032873073887238,-42.209080713039185,24,54.166666666666664,14.201709800027466,-6.037246513810271,2.780048622527619,4.925521489518502,35.1,5.2,6.5,976.6171732697183,FIL/USDT,4h,Momentum Reversal + MTF Filter,momentum_reversal_mtf,2025-09-11,3
-25.43513889798046,-63.00322061191651,37.56808171393605,-39.31237017534641,199.01122870239095,-0.19753845263744207,-0.3068300976260946,-0.4613293583980799,-85.21540946766251,78,34.61538461538461,15.103433646841113,-6.495185376133901,1.2310557739387784,0.9812596702805284,144.45000000000002,21.400000000000002,26.75,372.8243055100977,FIL/USDT,4h,Volatility Breakout + MTF Filter,volatility_breakout_mtf,2025-09-11,3
50.072929960578236,-63.00322061191651,113.07615057249474,99.52700681561694,77.8884156378808,1.2778152694533984,0.937877825565877,2.927406098517415,-33.99836014074795,28,46.42857142857143,11.023593969408655,-5.378721044050686,1.776218056655205,2.2366394979125794,67.50000000000001,10.0,12.5,750.3646498028912,FIL/USDT,4h,Composite Signal + MTF Filter,composite_mtf,2025-09-11,3
-75.54684574424448,-80.4264870931538,4.879641348909313,-90.89727853813052,268.3181754420579,-0.33876675848878296,-0.5880613738783573,-0.9513258575368654,-95.54799527207017,59,22.033898305084744,39.81711876729128,-8.558586920408574,1.3147805945183637,2.1004668751863083,24.300000000000004,3.6,4.5,122.26577127877758,APT/USDT,4h,Mean-Reversion (RSI + BB),mean_reversion,2025-09-11,3
33.65403580413451,-80.4264870931538,114.08052289728832,63.82308364540024,178.9607230561148,0.3566317935885178,0.4284158876710174,0.8844135797488207,-72.16429632788589,82,45.1219512195122,12.448890102526065,-7.521072652979957,1.3609433862128242,1.4897642001142233,132.3,19.6,24.5,668.2701790206726,APT/USDT,4h,Volatility Breakout (ATR + Vol),volatility_breakout,2025-09-11,3
-69.85041565116322,-80.4264870931538,10.576071441990587,-87.0004415181193,74.87542576169875,-1.1619358505554287,-0.5540377208248725,-1.2278887561700416,-70.85368367529153,16,18.75,5.169740605292578,-7.0172553637857975,0.17001192074563393,-4.732193619583602,40.5,6.0,7.5,150.74792174418394,APT/USDT,4h,Trend-Following (EMA + ADX),trend_following,2025-09-11,3
206.91539186302563,-80.4264870931538,287.3418789561794,574.103227271956,154.37855745427208,3.7188016052165085,4.259072148322357,12.228760691313274,-46.946967216373075,70,47.14285714285714,15.286728686304762,-7.902599808603175,1.725268860764481,3.0295121961391374,86.4,12.8,16.0,1534.576959315128,APT/USDT,4h,Momentum Reversal (ROC + S/R),momentum_reversal,2025-09-11,3
-27.253753101408407,-80.4264870931538,53.17273399174539,-41.80944183879718,175.15982163162633,-0.2386931058123902,-0.322526767412468,-0.6171870146100938,-67.74193372362213,79,41.77215189873418,13.961733479830205,-7.887803276721033,1.2698118653151522,1.2392184063953076,110.70000000000002,16.400000000000002,20.5,363.731234492958,APT/USDT,4h,Composite Signal,composite,2025-09-11,3
163.7148866748133,-80.4264870931538,244.14137376796708,420.73415604952527,86.25466727755493,4.877813216711672,2.6905474879711333,13.851654802925717,-30.37428827353239,19,63.1578947368421,15.33175370194477,-8.246411622189441,3.1872052415463625,6.645061214105849,40.5,6.0,7.5,1318.5744333740665,APT/USDT,4h,Momentum Reversal + MTF Filter,momentum_reversal_mtf,2025-09-11,3
46.41555040676455,-80.4264870931538,126.84203749991836,91.32355258264072,173.4049334169851,0.5266491026701984,0.6148413787258428,1.4647361984578564,-62.34812294445271,76,43.42105263157895,12.867482948300543,-6.950873740384742,1.4206911853358355,1.6544653481233413,135.0,20.0,25.0,732.0777520338228,APT/USDT,4h,Volatility Breakout + MTF Filter,volatility_breakout_mtf,2025-09-11,3
22.423095531850002,-80.4264870931538,102.8495826250038,41.09482106400926,115.46530846392243,0.35590621642733056,0.3076373598917438,0.7303581452341685,-56.266670444037246,27,44.44444444444444,13.47984322894557,-6.097453438392754,1.7685866226145406,2.603567302646501,62.1,9.2,11.5,612.11547765925,APT/USDT,4h,Composite Signal + MTF Filter,composite_mtf,2025-09-11,3
410.39487215383576,-78.07819490371529,488.4730670575511,1501.7539588079153,258.54564879117925,5.808467347369066,10.102918089681552,19.867941419872135,-75.58679216286819,53,39.62264150943396,32.080104810406255,-8.372031621647293,2.5146308247802303,7.656173379732414,37.800000000000004,5.6,7.0,2551.974360769179,ARB/USDT,4h,Mean-Reversion (RSI + BB),mean_reversion,2025-09-11,3
11.363598658355656,-78.07819490371529,89.44179356207094,20.099114989285294,174.97777098595307,0.11486667635570016,0.14346249463749267,0.3237683163438678,-62.0786963228929,67,40.298507462686565,14.551888736546845,-7.242539354242257,1.3562266515563572,1.540289876374246,124.20000000000002,18.4,23.0,556.8179932917783,ARB/USDT,4h,Volatility Breakout (ATR + Vol),volatility_breakout,2025-09-11,3
-48.134852802645625,-78.07819490371529,29.94334210106966,-67.27924566421052,69.44890521430138,-0.9687589092528406,-0.5025609542085793,-1.1335788806897482,-59.35118129871398,14,42.857142857142854,5.633134354246966,-8.224425006587252,0.5136955789980919,-2.285470994801159,32.400000000000006,4.800000000000001,6.0,259.32573598677186,ARB/USDT,4h,Trend-Following (EMA + ADX),trend_following,2025-09-11,3
311.8926551893087,-78.07819490371529,389.970850093024,1012.0799871377335,148.6427933209191,6.8088062968021426,7.189142214970841,14.795462984604592,-68.40475274013747,59,54.23728813559322,15.457755056553497,-8.876322165111278,2.063951932846381,4.321821412740804,72.9,10.8,13.5,2059.4632759465435,ARB/USDT,4h,Momentum Reversal (ROC + S/R),momentum_reversal,2025-09-11,3
254.62726083425787,-78.07819490371529,332.7054557379731,762.0047597557465,150.56775761597905,5.060876058865331,5.574398496078606,11.561347021226391,-65.90968667895892,64,57.8125,13.034862621279755,-8.831164962067218,2.0226764639519,3.8101322345552515,105.30000000000001,15.600000000000001,19.5,1773.1363041712893,ARB/USDT,4h,Composite Signal,composite,2025-09-11,3
53.3243940667798,-78.07819490371529,131.4025889704951,106.93883468989864,76.05579242943683,1.4060577278070505,0.9000760793286525,3.401773265692752,-31.436202926393786,25,48.0,12.737567899059513,-6.915210284621888,1.7002743951104786,2.5181232435451832,43.2,6.4,8.0,766.621970333899,ARB/USDT,4h,Momentum Reversal + MTF Filter,momentum_reversal_mtf,2025-09-11,3
22.98734537557148,-78.07819490371529,101.06554027928676,42.20319437914093,172.91214470138567,0.24407304907370525,0.2978011083618119,0.7132464589233908,-59.17056278533019,65,36.92307692307693,15.73028015308881,-6.583050033195644,1.398739007552537,1.655718035586309,129.60000000000002,19.200000000000003,24.0,614.9367268778574,ARB/USDT,4h,Volatility Breakout + MTF Filter,volatility_breakout_mtf,2025-09-11,3
67.7007249838748,-78.07819490371529,145.7789198875901,141.03259262335314,81.31492229799143,1.734399894111893,1.0440291902139034,3.7931853888702354,-37.180516680561816,31,48.38709677419355,10.643959427194197,-5.328533947022762,1.8726937019083865,2.4000918792112507,72.9,10.8,13.5,838.503624919374,ARB/USDT,4h,Composite Signal + MTF Filter,composite_mtf,2025-09-11,3
-63.79128654891506,-84.96103896103888,21.16975241212382,-82.24738337727469,269.90053789488246,-0.3047321951218467,-0.5078441086854021,-0.9042967710830121,-90.9517605362815,56,30.357142857142854,30.577481872703355,-7.930489627907384,1.6806838631511756,3.7594302919208733,27.000000000000004,4.0,5.0,181.0435672554247,OP/USDT,4h,Mean-Reversion (RSI + BB),mean_reversion,2025-09-11,3
-18.06008837744536,-84.96103896103888,66.90095058359353,-28.747323026079663,181.4902225053812,-0.15839598755920475,-0.2040538683793246,-0.46705757276944676,-61.549848888265814,84,32.142857142857146,17.156913978276638,-6.9137322640288446,1.1754807595242416,0.8232611709979165,144.45,21.4,26.75,409.6995581127732,OP/USDT,4h,Volatility Breakout (ATR + Vol),volatility_breakout,2025-09-11,3
-30.867352066511977,-84.96103896103888,54.093686894526904,-46.64196389189297,66.67055772418917,-0.6995886262845901,-0.30068465661455374,-0.9540467056773817,-48.88855400300005,12,33.33333333333333,11.258316960064532,-7.840272167457435,0.7179799833221576,-1.4740757916167806,37.800000000000004,5.6000000000000005,7.0,345.6632396674401,OP/USDT,4h,Trend-Following (EMA + ADX),trend_following,2025-09-11,3
283.19943772112634,-84.96103896103888,368.16047668216527,883.4997246465866,147.18747545346076,6.00254690098235,6.97589865492024,12.402274191242837,-71.23691276479114,64,54.6875,14.286603402188971,-8.090940659421477,2.1310813053454143,4.146778749271737,83.70000000000002,12.4,15.5,1915.9971886056317,OP/USDT,4h,Momentum Reversal (ROC + S/R),momentum_reversal,2025-09-11,3
190.94182581972237,-84.96103896103888,275.90286478076126,515.4988774122263,185.2169606711119,2.783216372541568,3.7947638262861116,6.638360668104702,-77.65454502781706,79,45.56962025316456,16.336494841820215,-7.203808042477043,1.8985882700259835,3.5234185883419595,124.20000000000002,18.400000000000002,23.0,1454.7091290986118,OP/USDT,4h,Composite Signal,composite,2025-09-11,3
145.90682227610725,-84.96103896103888,230.86786123714614,362.32523922033886,73.36864585518408,4.938420697248533,3.25982451145482,10.723979707158346,-33.786453267762504,22,59.09090909090909,13.145422059643849,-7.281280610445881,2.6077599367190514,4.789043694607143,43.2,6.4,8.0,1229.5341113805362,OP/USDT,4h,Momentum Reversal + MTF Filter,momentum_reversal_mtf,2025-09-11,3
0.9577743900188729,-84.96103896103888,85.91881335105775,1.6352501629302019,179.68519386793017,0.009100639444628486,0.011467759485146866,0.027199980111866265,-60.11953524248378,79,32.91139240506329,17.176735971760724,-6.697441056077418,1.2581407191714276,1.159883029033868,147.15,21.8,27.25,504.78887195009435,OP/USDT,4h,Volatility Breakout + MTF Filter,volatility_breakout_mtf,2025-09-11,3
148.95892345809344,-84.96103896103888,233.91996241913233,372.1320117537968,130.10959936805097,2.86014263022299,2.6832306829991692,8.141167619198319,-45.709906632587135,33,54.54545454545454,13.425928850919039,-6.513369822473951,2.473545193996588,4.3626112721040435,78.30000000000001,11.600000000000001,14.5,1244.7946172904672,OP/USDT,4h,Composite Signal + MTF Filter,composite_mtf,2025-09-11,3
-68.35294978684796,-47.9182156133825,-20.434734173465465,-85.88271461005468,256.0448088699162,-0.33542064371118524,-0.5376004817175576,-0.9880877097471743,-86.9181083448855,55,25.454545454545453,31.58944543734849,-7.614817661221291,1.416532921118701,2.364449309323744,21.6,3.2,4.0,158.23525106576017,NEAR/USDT,4h,Mean-Reversion (RSI + BB),mean_reversion,2025-09-11,3
-41.62892350299339,-47.9182156133825,6.289292110389111,-59.99128535062872,159.3329416171556,-0.3765152688561759,-0.41297758462981055,-0.8575798564671739,-69.95416799756075,65,35.38461538461539,15.408690248780783,-6.958583493185054,1.2126163733406594,0.9559902924336255,116.10000000000002,17.200000000000003,21.5,291.8553824850331,NEAR/USDT,4h,Volatility Breakout (ATR + Vol),volatility_breakout,2025-09-11,3
75.19748764701988,-47.9182156133825,123.11570326040237,159.65384058311292,139.55593406135293,1.1440132707859227,0.969465083797261,2.90042169538841,-55.04504425579153,17,52.94117647058824,17.75863445035232,-6.000554337025052,3.3294363544670875,6.577839726880617,40.5,6.0,7.5,875.9874382350994,NEAR/USDT,4h,Trend-Following (EMA + ADX),trend_following,2025-09-11,3
73.39589067702587,-47.9182156133825,121.31410629040838,155.12675281752104,141.78352031617328,1.094109897057096,1.2027123259585701,2.488763263487105,-62.33085930405722,68,45.588235294117645,14.502102223471002,-7.90276125911699,1.5374891854412251,2.3112206226510663,74.25000000000001,11.0,13.75,866.9794533851294,NEAR/USDT,4h,Momentum Reversal (ROC + S/R),momentum_reversal,2025-09-11,3
6.679566419269589,-47.9182156133825,54.597782032652084,11.630772839531534,125.34084368129687,0.09279315902089348,0.09823871043351234,0.1981736937661437,-58.68979186135831,71,42.25352112676056,12.220863087425911,-6.755723403394873,1.3236324828700647,1.2625525786420777,98.55000000000001,14.600000000000001,18.25,533.397832096348,NEAR/USDT,4h,Composite Signal,composite,2025-09-11,3
-40.26712103425811,-47.9182156133825,7.6510945791243845,-58.390000826328105,93.78884690624452,-0.6225687035548836,-0.43927123428919573,-1.1846271091242564,-49.28977260151788,31,38.70967741935484,12.689257948620913,-8.059449852159839,0.9943939505906394,-0.027691993793095445,36.45,5.4,6.75,298.6643948287094,NEAR/USDT,4h,Momentum Reversal + MTF Filter,momentum_reversal_mtf,2025-09-11,3
-35.40275116615121,-47.9182156133825,12.515464447231285,-52.46054886407322,156.52775238580293,-0.335151741876231,-0.36135906146374547,-0.7669131954421046,-68.40480666632831,62,35.483870967741936,15.827715927767597,-7.172977373064347,1.213616509228334,0.9885589594889228,116.10000000000002,17.200000000000003,21.5,322.98624416924395,NEAR/USDT,4h,Volatility Breakout + MTF Filter,volatility_breakout_mtf,2025-09-11,3
-68.12871941979108,-47.9182156133825,-20.210503806408585,-85.71208462111284,69.04399357418644,-1.241412615117879,-0.6983689891956798,-1.2316010417496595,-69.59403387589457,34,26.47058823529412,8.301908148785838,-6.494118895870141,0.4602143849666077,-2.5775235016964992,68.85000000000002,10.200000000000001,12.75,159.35640290104462,NEAR/USDT,4h,Composite Signal + MTF Filter,composite_mtf,2025-09-11,3
147.12820152339737,-78.24624194702932,225.37444347042666,366.2394916800552,248.9197524022687,1.471315506887501,2.5004121837638955,4.536986937439006,-80.72306504959577,48,39.58333333333333,30.673753122394466,-8.869078893600344,2.26591702637734,6.783292112730935,27.000000000000004,4.0,5.0,1235.6410076169868,INJ/USDT,4h,Mean-Reversion (RSI + BB),mean_reversion,2025-09-11,3
-76.72117893631541,-78.24624194702932,1.5250630107139007,-91.62854901655984,163.90543037480433,-0.5590330278077538,-0.6306768583605786,-1.0671083809191426,-85.86620689609481,68,38.23529411764706,9.967396487061151,-7.3844588622014316,0.8355782297065085,-0.7499259345422086,118.80000000000001,17.6,22.0,116.39410531842293,INJ/USDT,4h,Volatility Breakout (ATR + Vol),volatility_breakout,2025-09-11,3
-16.433339945857973,-78.24624194702932,61.812902001171345,-26.323504929106655,91.02250554087416,-0.2891977623851053,-0.1522317028420069,-0.49214147307945744,-53.487678582326396,17,23.52941176470588,17.830224520631894,-5.019411712104879,1.093001181033736,0.35697328383318494,37.800000000000004,5.6000000000000005,7.0,417.83330027071014,INJ/USDT,4h,Trend-Following (EMA + ADX),trend_following,2025-09-11,3
554.1489796780252,-78.24624194702932,632.3952216250544,2343.32521612461,148.45030619406558,15.785250136575918,17.567031863553677,42.266409104525266,-55.441786178938045,65,52.307692307692314,16.850613910579483,-8.767608087716086,2.107908827319097,4.6326926498539045,74.25000000000001,11.0,13.75,3270.744898390126,INJ/USDT,4h,Momentum Reversal (ROC + S/R),momentum_reversal,2025-09-11,3
197.0987468068036,-78.24624194702932,275.34498875383287,537.8271870611121,136.43887900914075,3.9418909842045853,4.239370839906378,10.910302647680103,-49.295349948470246,63,49.2063492063492,15.1335874187734,-8.474328023213417,1.7300088894101469,3.142265289510255,93.15,13.8,17.25,1485.493734034018,INJ/USDT,4h,Composite Signal,composite,2025-09-11,3
58.44793170092453,-78.24624194702932,136.69417364795385,118.84333875074877,84.85228152079097,1.400590963740075,0.9077053769717571,2.6728849819746885,-44.46257117391899,28,39.285714285714285,19.3710468766756,-7.956574525316304,1.575327015749471,2.7792767397519436,41.85000000000001,6.2,7.75,792.2396585046226,INJ/USDT,4h,Momentum Reversal + MTF Filter,momentum_reversal_mtf,2025-09-11,3
-74.03905419739237,-78.24624194702932,4.207187749636942,-89.92165516824427,161.58756461339246,-0.5564887086663322,-0.6095473981169214,-1.068951523692344,-84.1213592714095,63,39.682539682539684,9.471160512884897,-7.146675351127197,0.8718776699757284,-0.5522960400112858,124.20000000000002,18.400000000000002,23.0,129.80472901303813,INJ/USDT,4h,Volatility Breakout + MTF Filter,volatility_breakout_mtf,2025-09-11,3
60.59822766212734,-78.24624194702932,138.84446960915668,123.9210796217896,80.0587036360909,1.5478776696794438,1.0730635320860076,3.8168340900697015,-32.466980931708925,31,41.935483870967744,14.619949339818946,-6.656277925603367,1.5862997938180636,2.266010927638248,63.45,9.4,11.75,802.9911383106368,INJ/USDT,4h,Composite Signal + MTF Filter,composite_mtf,2025-09-11,3
