total_return_pct,buy_hold_return_pct,alpha_pct,ann_return_pct,ann_volatility_pct,sharpe_ratio,sortino_ratio,calmar_ratio,max_drawdown_pct,total_trades,win_rate_pct,avg_win_pct,avg_loss_pct,profit_factor,expectancy_pct,total_costs_usd,total_fees_usd,total_slippage_usd,final_equity,symbol,timeframe,strategy,strategy_key,split_date
-38.32657135384845,-34.698370993168446,-3.6282003606800006,-56.06362109051031,41.27240576472019,-1.3583802555661466,-1.3562583844682738,-1.1224410916714895,-49.94794070397302,22,27.27272727272727,7.120912713817897,-4.785927475049697,0.5579571110517054,-1.5386074235403528,8.25,5.5,2.75,308.36714323075773,BTC/USDT,4h,Mean-Reversion Long-Only,mean_reversion,2025-09-11
-11.928851542152351,-34.698370993168446,22.769519451016095,-19.438562610532895,15.515795140919932,-1.2528241339863668,-0.659024875269611,-1.106827977548075,-17.562406268040494,28,50.0,1.156163549130538,-2.0127859284439635,0.5744095945783664,-0.4283111896567127,36.0,24.0,12.0,440.35574228923826,BTC/USDT,4h,Volatility Breakout Long-Only,volatility_breakout,2025-09-11
-7.069799130618737,-34.698370993168446,27.628571862549713,-11.729674001012603,12.55755607367299,-0.9340729941556025,-0.33579635295579213,-0.6718878213164093,-17.45778629836006,9,33.33333333333333,3.081505487074317,-2.6525556643366754,0.5808559512067599,-0.7412019471996779,12.75,8.5,4.25,464.6510043469063,BTC/USDT,4h,Trend-Following Long-Only,trend_following,2025-09-11
-24.610126736425986,-34.698370993168446,10.088244256742463,-38.16534615294026,19.579242097757867,-1.9492759710709537,-0.6472222101624124,-1.2178380012533694,-31.338606706032667,9,22.22222222222222,6.231674574498436,-4.753256690909576,0.37458074866055385,-2.31216085415224,3.0,2.0,1.0,376.94936631787004,BTC/USDT,4h,Momentum Reversal Long-Only,momentum_reversal,2025-09-11
-38.88067179557042,-34.698370993168446,-4.182300802401972,-56.7332096055722,24.874604367059526,-2.2807683197044852,-1.1335731225042858,-1.29483482415842,-43.81501682459463,30,43.333333333333336,1.6968551843441635,-3.714916610658882,0.34929320815600307,-1.3698154994908953,29.25,19.5,9.75,305.5966410221479,BTC/USDT,4h,Composite Long-Only,composite,2025-09-11
0.0,-34.698370993168446,34.698370993168446,0.0,0.0,0.0,0.0,0.0,0.0,0,0.0,0.0,0.0,0.0,0.0,0.0,0.0,0.0,500.0,BTC/USDT,4h,Momentum Reversal + MTF Long-Only,momentum_reversal_mtf,2025-09-11
-7.755852678399789,-34.698370993168446,26.94251831476866,-12.835672087745042,14.841126226945148,-0.8648718359689538,-0.4588215027288287,-0.9399059102866825,-13.65633724319279,26,50.0,1.244584789865794,-1.8157250049170341,0.6854478439716497,-0.28557010752561995,36.0,24.0,12.0,461.22073660800106,BTC/USDT,4h,Volatility Breakout + MTF Long-Only,volatility_breakout_mtf,2025-09-11
-9.798019226478827,-34.698370993168446,24.90035176668962,-16.09376142716338,11.943678904864239,-1.3474710393134361,-0.4552076776481861,-1.0365202771314312,-15.526721263671602,18,50.0,1.0491306518375552,-2.1480811834847966,0.4884036319966119,-0.5494752658236207,24.75,16.5,8.25,451.0099038676059,BTC/USDT,4h,Composite + MTF Long-Only,composite_mtf,2025-09-11
-27.471989922331595,-46.67423603745699,19.202246115125398,-42.106183196736694,53.65130457859273,-0.7848119170160379,-0.786191867732813,-1.0384233453221683,-40.54818623484755,24,25.0,12.19581048795681,-5.0286756119326785,0.8084176583205493,-0.7225540869603067,9.0,6.0,3.0,362.640050388342,ETH/USDT,4h,Mean-Reversion Long-Only,mean_reversion,2025-09-11
-23.359754632166485,-46.67423603745699,23.31448140529051,-36.41009515011441,23.061804960178193,-1.5788050940932543,-0.9099449354318592,-1.303904491040114,-27.923897340878373,32,40.625,2.1632872317983773,-2.7128315717795792,0.5456084744951716,-0.7319083078260348,40.5,27.0,13.5,383.2012268391676,ETH/USDT,4h,Volatility Breakout Long-Only,volatility_breakout,2025-09-11
-26.757210157805766,-46.67423603745699,19.917025879651227,-41.131952741223046,15.056416001687959,-2.73185549181238,-0.9099648101698783,-1.4734186575754753,-27.915998300785787,15,13.333333333333334,0.5615609732013751,-2.4000785679635253,0.03599631988316125,-2.0051932958082053,20.25,13.5,6.75,366.2139492109712,ETH/USDT,4h,Trend-Following Long-Only,trend_following,2025-09-11
-3.2300283759742587,-46.67423603745699,43.444207661482736,-5.433835207509152,31.44713240193387,-0.17279270930200916,-0.10658321936255606,-0.16668712212459819,-32.599010278954694,22,50.0,5.408049968878868,-4.584131860420106,1.1797326371810026,0.41195905422938084,16.5,11.0,5.5,483.8498581201287,ETH/USDT,4h,Momentum Reversal Long-Only,momentum_reversal,2025-09-11
-22.145359157688926,-46.67423603745699,24.52887687976807,-34.68600205969224,32.04960417059674,-1.0822599204365282,-0.7148069556845789,-0.9037301595844244,-38.380927859752326,36,47.22222222222222,3.262951259185602,-3.560343146541014,0.820000372274085,-0.33823189939233395,39.0,26.0,13.0,389.27320421155537,ETH/USDT,4h,Composite Long-Only,composite,2025-09-11
-7.052111202964239,-46.67423603745699,39.62212483449276,-11.701082999180123,13.074426457275463,-0.8949595638031892,-0.2804254620741633,-1.1723639023772072,-9.980760219121203,7,57.14285714285714,1.672138564047103,-4.123740681239624,0.5406542888448381,-0.8118096839329227,9.0,6.0,3.0,464.7394439851788,ETH/USDT,4h,Momentum Reversal + MTF Long-Only,momentum_reversal_mtf,2025-09-11
-29.675695654418256,-46.67423603745699,16.99854038303874,-45.0674477051714,22.13793986022606,-2.0357561719707014,-1.1338004030851898,-1.4322088127740278,-31.46709285909281,32,31.25,2.453967233184563,-2.576441590277181,0.43293807073170504,-1.004438832945386,43.5,29.0,14.5,351.6215217279087,ETH/USDT,4h,Volatility Breakout + MTF Long-Only,volatility_breakout_mtf,2025-09-11
-9.69222491813837,-46.67423603745699,36.98201111931863,-15.926234475551793,13.82815917040803,-1.151724844882723,-0.46465730175208836,-1.218221428040591,-13.073349482259422,20,40.0,1.2695958404817644,-1.6490095906425317,0.5132761093633464,-0.48156741819281296,30.0,20.0,10.0,451.53887540930816,ETH/USDT,4h,Composite + MTF Long-Only,composite_mtf,2025-09-11
-29.761503301659033,-31.088871724261345,1.3273684226023152,-45.18145428859359,41.55507062592146,-1.0872669353715416,-1.1385685273832087,-1.0642995181902468,-42.451822552189924,19,21.052631578947366,9.326017369687154,-4.292412783805984,0.5793799642551611,-1.4253748567547975,6.0,4.0,2.0,351.1924834917048,BNB/USDT,4h,Mean-Reversion Long-Only,mean_reversion,2025-09-11
-2.691174091315285,-31.088871724261345,28.397697632946063,-4.5360361136513205,21.24605265181278,-0.213500182268648,-0.13614724737093395,-0.1927675560097212,-23.531118034315742,27,44.44444444444444,2.211652069909657,-1.8423011509904508,0.9603867722584387,-0.04054416392373618,37.5,25.0,12.5,486.5441295434236,BNB/USDT,4h,Volatility Breakout Long-Only,volatility_breakout,2025-09-11
-10.680624825964669,-31.088871724261345,20.408246898296678,-17.48600626909348,10.175466822130923,-1.7184475734383653,-0.45974619653443644,-1.2783363868689295,-13.67872060023459,8,12.5,0.08516353117176165,-1.5820398674199705,0.007690209955747866,-1.3736394425960041,12.0,8.0,4.0,446.59687587017663,BNB/USDT,4h,Trend-Following Long-Only,trend_following,2025-09-11
-0.10038638967716507,-31.088871724261345,30.988485334584183,-0.17076049893240963,16.073567553557456,-0.010623683781676479,-0.003248132555175232,-0.016088354923647866,-10.613919182091955,8,62.5,3.2975335902588188,-5.274837157893197,1.0419069162872745,0.08289455970181304,7.5,5.0,2.5,499.49806805161415,BNB/USDT,4h,Momentum Reversal Long-Only,momentum_reversal,2025-09-11
-9.234019531369764,-31.088871724261345,21.854852192891585,-15.199069298380364,16.111022902779716,-0.9433956732665306,-0.4118578327853207,-1.0075202948222601,-15.085620981026175,19,47.368421052631575,1.80243191668398,-2.51443978092806,0.645149164963038,-0.4696058189013043,24.0,16.0,8.0,453.82990234315116,BNB/USDT,4h,Composite Long-Only,composite,2025-09-11
1.1224830235656125,-31.088871724261345,32.21135474782696,1.9175658289460884,10.267129472167788,0.18676747324013399,0.03642239841905034,0.3236759496288878,-5.924338311649916,3,66.66666666666666,3.088525895475955,-4.749351351249495,1.3006095641517035,0.47590014656747154,3.0,2.0,1.0,505.61241511782805,BNB/USDT,4h,Momentum Reversal + MTF Long-Only,momentum_reversal_mtf,2025-09-11
-2.6013905387339276,-31.088871724261345,28.487481185527418,-4.386105567239329,21.239959013920828,-0.20650254383092936,-0.13030836993910494,-0.18695653664857276,-23.460562791040626,27,44.44444444444444,2.211652069909657,-1.8572917478050892,0.952635286307967,-0.048872273265201924,37.5,25.0,12.5,486.99304730633037,BNB/USDT,4h,Volatility Breakout + MTF Long-Only,volatility_breakout_mtf,2025-09-11
-6.65026538797584,-31.088871724261345,24.438606336285506,-11.050505892004004,9.8552749508471,-1.1212782948337903,-0.39186421973385777,-0.9828573273701001,-11.243245163133302,12,50.0,0.9852118483022726,-2.0845092966904266,0.4726349025482844,-0.5496487241940768,16.5,11.0,5.5,466.7486730601208,BNB/USDT,4h,Composite + MTF Long-Only,composite_mtf,2025-09-11
-30.82943408324459,-62.00070540516715,31.171271321922568,-46.59215452792744,59.610197529890385,-0.781613825462744,-0.8874780474438131,-0.924473975774247,-50.39855717832026,27,25.925925925925924,11.533758878896872,-4.72766356498634,0.8538711674644239,-0.511739227683285,8.25,5.5,2.75,345.85282958377707,SOL/USDT,4h,Mean-Reversion Long-Only,mean_reversion,2025-09-11
-40.13853926022601,-62.00070540516715,21.862166144941142,-58.23747021389495,23.189723891942933,-2.511348150813001,-1.3587101612068404,-1.2745825210843542,-45.691408167396865,32,37.5,1.5188044251845425,-3.3515148801318615,0.27190171838797633,-1.5251451406382102,36.0,24.0,12.0,299.30730369886993,SOL/USDT,4h,Volatility Breakout Long-Only,volatility_breakout,2025-09-11
-19.51399722164059,-62.00070540516715,42.48670818352657,-30.885244724003723,17.228397077403823,-1.7926940379445837,-0.6604363000550033,-1.5142592709256808,-20.396272499043896,12,16.666666666666664,2.1723076297662653,-2.2026679610806283,0.19724331294132336,-1.4735053626061463,15.0,10.0,5.0,402.43001389179705,SOL/USDT,4h,Trend-Following Long-Only,trend_following,2025-09-11
11.425714348084949,-62.00070540516715,73.4264197532521,20.21312642073805,33.73184359117902,0.5992298157703969,0.3635167736161671,0.8883328347121354,-22.754001237934787,26,50.0,6.2929613887851215,-4.477583632341138,1.4054369288228794,0.9076888782219921,19.5,13.0,6.5,557.1285717404247,SOL/USDT,4h,Momentum Reversal Long-Only,momentum_reversal,2025-09-11
-21.929035217488412,-62.00070540516715,40.07167018767874,-34.376890727532604,37.953064024055855,-0.9057737922225052,-0.6565072798856931,-0.8923943378332119,-38.522085215154775,46,41.30434782608695,4.843027637577701,-3.671874396983013,0.9281517059796618,-0.15484964357750092,42.75,28.5,14.25,390.35482391255795,SOL/USDT,4h,Composite Long-Only,composite,2025-09-11
-12.994828585435059,-62.00070540516715,49.005876819732094,-21.09074021494631,13.731601979497867,-1.535927144293586,-0.4530350976563375,-1.112572556990556,-18.956732378871124,8,37.5,2.9695670149020374,-4.45454410816625,0.3999826167788674,-1.6705024370156418,6.0,4.0,2.0,435.0258570728247,SOL/USDT,4h,Momentum Reversal + MTF Long-Only,momentum_reversal_mtf,2025-09-11
-40.35788089308671,-62.00070540516715,21.64282451208045,-58.49752646894682,22.84455281245533,-2.56067724105559,-1.3511242091790108,-1.2747224332281968,-45.89040323139491,30,36.666666666666664,1.6599320959078259,-3.326180990536086,0.28892394052453235,-1.4979395255066512,39.0,26.0,13.0,298.2105955345665,SOL/USDT,4h,Volatility Breakout + MTF Long-Only,volatility_breakout_mtf,2025-09-11
-34.17356819891593,-62.00070540516715,27.82713720625123,-50.910996306071674,19.736760233943055,-2.579501179657415,-1.1499834346047366,-1.4522815543753527,-35.05587201923062,28,28.57142857142857,2.4089679700506434,-2.9562234699225587,0.3259520796800587,-1.4233116299302155,33.75,22.5,11.25,329.13215900542036,SOL/USDT,4h,Composite + MTF Long-Only,composite_mtf,2025-09-11
15.30846428543613,-54.05856622925651,69.36703051469264,27.428026974429986,54.20772772146785,0.5059800166382492,0.6190555022173122,0.6964862421630373,-39.38057252825029,24,33.33333333333333,13.126239076305565,-4.349702935900614,1.5088661535902976,1.4756110681681125,11.25,7.5,3.75,576.5423214271807,XRP/USDT,4h,Mean-Reversion Long-Only,mean_reversion,2025-09-11
-31.10730510380507,-54.05856622925651,22.95126112545144,-46.95672360501021,26.19268687535314,-1.7927417614111085,-0.937274215589097,-1.446179385100632,-32.469501424778464,27,29.629629629629626,1.9524209183631867,-2.6770544088183144,0.30708078361002683,-1.305358015579351,30.75,20.5,10.25,344.46347448097464,XRP/USDT,4h,Volatility Breakout Long-Only,volatility_breakout,2025-09-11
5.565278285185848,-54.05856622925651,59.62384451444236,9.653940788105398,12.245457587928126,0.7883691335162918,0.476953840225571,2.404044071187284,-4.015708740038868,4,50.0,4.141401891463264,-1.2189469016330219,3.3975244417250927,1.461227494915121,6.0,4.0,2.0,527.8263914259293,XRP/USDT,4h,Trend-Following Long-Only,trend_following,2025-09-11
26.95125401076648,-54.05856622925651,81.00982024002299,50.09008252717917,30.39370735687824,1.648041219158595,0.9581432306432109,2.7068899552871355,-18.50466156902408,16,56.25,6.922595319914171,-4.210358887513809,2.113947987528489,2.051927854164429,13.5,9.0,4.5,634.7562700538324,XRP/USDT,4h,Momentum Reversal Long-Only,momentum_reversal,2025-09-11
11.991053736418799,-54.05856622925651,66.0496199656753,21.252838802193065,32.988693828163335,0.6442461442365125,0.42651894387268524,1.0511079845940619,-20.219462808477203,34,50.0,4.524543285197105,-3.3030920810194124,1.3697902372133453,0.6107256020888459,36.75,24.5,12.25,559.955268682094,XRP/USDT,4h,Composite Long-Only,composite,2025-09-11
-2.2048918852308197,-54.05856622925651,51.85367434402569,-3.722828361456898,8.024611445825428,-0.46392630803247076,-0.10812663173067669,-0.5970624780345288,-6.235240864091953,4,50.0,2.302516458075618,-3.322479767733048,0.6930114309308921,-0.509981654828715,4.5,3.0,1.5,488.9755405738459,XRP/USDT,4h,Momentum Reversal + MTF Long-Only,momentum_reversal_mtf,2025-09-11
-27.761141384001153,-54.05856622925651,26.297424845255357,-42.49838474346579,24.58661364381713,-1.7285172069295107,-0.8633880999670461,-1.4559476539121086,-29.18950048051061,26,23.076923076923077,2.5073937908035897,-2.2894015767208056,0.3285653966913515,-1.1824487995997914,35.25,23.5,11.75,361.1942930799942,XRP/USDT,4h,Volatility Breakout + MTF Long-Only,volatility_breakout_mtf,2025-09-11
-19.79671072648902,-54.05856622925651,34.26185550276749,-31.29784247177473,15.379485616687072,-2.035038313493131,-0.7804146994293834,-1.580961751888237,-19.796710726489017,22,36.36363636363637,1.9010622811679159,-2.6127755015737826,0.4157729215044259,-0.9713799442131648,29.25,19.5,9.75,401.0164463675549,XRP/USDT,4h,Composite + MTF Long-Only,composite_mtf,2025-09-11
-41.0990146163471,-71.7887291809263,30.689714564579194,-59.37126867418314,60.24855878394263,-0.9854388199906069,-1.1696615917099966,-1.1727917600992255,-50.62387944229755,28,21.428571428571427,11.092851092211792,-4.231158889088397,0.7150104981759445,-0.9474424645240718,6.75,4.5,2.25,294.5049269182645,ADA/USDT,4h,Mean-Reversion Long-Only,mean_reversion,2025-09-11
-33.62140792300655,-71.7887291809263,38.16732125791974,-50.20826437733172,24.835238978091724,-2.0216541673556145,-1.1527077211979013,-1.3671572852184883,-36.72457069876041,29,34.48275862068966,1.9508804493239569,-3.087733502151663,0.3325349105223009,-1.350280415435932,30.75,20.5,10.25,331.89296038496724,ADA/USDT,4h,Volatility Breakout Long-Only,volatility_breakout,2025-09-11
-8.352523823791447,-71.7887291809263,63.436205357134845,-13.7928954851812,13.875536931755395,-0.9940440901868769,-0.32610377915480143,-1.1940906372750015,-11.55096192417818,8,25.0,1.629136539197848,-1.902779959405464,0.28539585482896684,-1.0198008347546361,10.5,7.0,3.5,458.2373808810428,ADA/USDT,4h,Trend-Following Long-Only,trend_following,2025-09-11
-15.424455260966441,-71.7887291809263,56.36427391995985,-24.803530375626803,34.101215008823324,-0.7273503413062895,-0.4803517910648449,-0.7973666999250504,-31.10680490915691,28,42.857142857142854,5.036312166998162,-4.020809168023001,0.9394213869408423,-0.1391857387282171,18.0,12.0,6.0,422.8777236951678,ADA/USDT,4h,Momentum Reversal Long-Only,momentum_reversal,2025-09-11
-27.171429143684723,-71.7887291809263,44.61730003724157,-41.697341712311975,36.44075420526767,-1.1442502390986309,-0.8672796796773952,-1.3413147942574348,-31.086917024124855,41,36.58536585365854,4.35140979803886,-3.2169397561289497,0.7803779119129932,-0.44803138265292186,34.5,23.0,11.5,364.1428542815764,ADA/USDT,4h,Composite Long-Only,composite,2025-09-11
-3.8043911000340547,-71.7887291809263,67.98433808089224,-6.386941211519426,5.722048821760506,-1.1161983077163526,-0.16667667383014695,-1.1388613002469354,-5.608181795390331,2,0.0,0.0,-1.8909703839575964,0.0,-1.8909703839575964,3.0,2.0,1.0,480.9780444998297,ADA/USDT,4h,Momentum Reversal + MTF Long-Only,momentum_reversal_mtf,2025-09-11
-29.82779540523659,-71.7887291809263,41.9609337756897,-45.26946506166903,23.745996702180577,-1.906404082735848,-1.0483626814066977,-1.3673143841996802,-33.10830748567475,25,32.0,2.0858098570943957,-2.9673866621793135,0.33078182641969894,-1.3503637760117264,32.25,21.5,10.75,350.86102297381706,ADA/USDT,4h,Volatility Breakout + MTF Long-Only,volatility_breakout_mtf,2025-09-11
-14.486572692838296,-71.7887291809263,57.302156488087995,-23.379067657090637,12.438896557330546,-1.879512989704282,-0.5950789592637284,-1.4908269787956265,-15.68194565138441,13,30.76923076923077,1.9203022527471025,-2.5415585110176653,0.3358048473752682,-1.1686782760131216,18.0,12.0,6.0,427.5671365358085,ADA/USDT,4h,Composite + MTF Long-Only,composite_mtf,2025-09-11
-36.26935086833603,-66.75881133379409,30.489460465458052,-53.54067065612347,62.28822879573072,-0.8595632223177485,-0.9809359425379587,-0.9382402018828577,-57.064993110163265,28,21.428571428571427,10.698981590651968,-4.0179529818786754,0.7262165792725341,-0.8643241449078229,7.5,5.0,2.5,318.6532456583198,AVAX/USDT,4h,Mean-Reversion Long-Only,mean_reversion,2025-09-11
-26.352317446072927,-66.75881133379409,40.40649388772116,-40.577121065775856,27.50249169857572,-1.475397993407166,-0.902429435133357,-1.2581289102727182,-32.25195823294463,31,41.935483870967744,2.0930245177160276,-3.107504508535951,0.48644460987850435,-0.926637497527057,33.0,22.0,11.0,368.2384127696354,AVAX/USDT,4h,Volatility Breakout Long-Only,volatility_breakout,2025-09-11
-18.083448169970286,-66.75881133379409,48.6753631638238,-28.781884862095243,17.532771309943975,-1.641604989495937,-0.5570056561633401,-1.4205663532964516,-20.2608521561181,9,11.11111111111111,2.1261384248408177,-2.5990716593210195,0.10225470396400349,-2.0740483166363712,10.5,7.0,3.5,409.5827591501486,AVAX/USDT,4h,Trend-Following Long-Only,trend_following,2025-09-11
2.803019801330553,-66.75881133379409,69.56183113512463,4.816480395308043,36.72241756161678,0.1311591315366544,0.09859076314624562,0.16985733817870405,-28.35603363948106,36,47.22222222222222,4.696362036336925,-3.683029072687946,1.140910933594243,0.27390561768490973,27.0,18.0,9.0,514.0150990066528,AVAX/USDT,4h,Momentum Reversal Long-Only,momentum_reversal,2025-09-11
-24.232667557919775,-66.75881133379409,42.52614377587432,-37.63761072703201,39.6481499580485,-0.9492904654279246,-0.751278411184599,-0.9273376913411515,-40.58673671788219,44,38.63636363636363,4.330289671107095,-3.4669253532038264,0.786425551184308,-0.4543650029018794,36.0,24.0,12.0,378.83666221040113,AVAX/USDT,4h,Composite Long-Only,composite,2025-09-11
-14.64067444197118,-66.75881133379409,52.11813689182291,-23.613874938164457,14.689962792271395,-1.6074836452675065,-0.5116703063367686,-1.4063528023076441,-16.790861368084258,11,36.36363636363637,2.09865359151796,-3.369434152821524,0.35591454509367015,-1.381038609425348,9.0,6.0,3.0,426.7966277901441,AVAX/USDT,4h,Momentum Reversal + MTF Long-Only,momentum_reversal_mtf,2025-09-11
-26.134678990952807,-66.75881133379409,40.62413234284128,-40.278000911500676,26.549775235565555,-1.517075024331847,-0.8908911277421463,-1.2809114371282653,-31.444797621451325,25,36.0,2.4468527190118627,-3.162788433029594,0.43517126851440413,-1.1433176182946694,31.5,21.0,10.5,369.32660504523597,AVAX/USDT,4h,Volatility Breakout + MTF Long-Only,volatility_breakout_mtf,2025-09-11
-27.74989347858259,-66.75881133379409,39.0089178552115,-42.48314877326966,22.19001737359085,-1.9145162465636647,-0.8711723035418918,-1.4668195346769104,-28.962764518013618,20,25.0,2.7231829814264397,-2.977995229138025,0.30481165704829555,-1.5527006764969087,25.5,17.0,8.5,361.25053260708705,AVAX/USDT,4h,Composite + MTF Long-Only,composite_mtf,2025-09-11
-39.45034430104635,-61.930989794265535,22.480645493219185,-57.41718930478369,57.568997689475765,-0.9973630184511649,-1.0531460040049956,-1.0212679215163665,-56.22147537889111,23,26.08695652173913,8.0133159991859,-4.465435220680895,0.6333602518932092,-1.210108815498252,6.0,4.0,2.0,302.7482784947683,DOGE/USDT,4h,Mean-Reversion Long-Only,mean_reversion,2025-09-11
-34.43892385596094,-61.930989794265535,27.4920659383046,-51.24724682738312,29.870840651153983,-1.715627873546415,-0.9314586241710204,-1.1957838412312654,-42.8566142645106,25,40.0,2.701612333821659,-4.226030857533514,0.4261859295238608,-1.4549735809914455,28.5,19.0,9.5,327.80538072019533,DOGE/USDT,4h,Volatility Breakout Long-Only,volatility_breakout,2025-09-11
-20.979034845366485,-61.930989794265535,40.95195494889905,-33.01229383387408,12.75108121104168,-2.5889799686388475,-0.6148218914730547,-1.5165325577082713,-21.76827240937119,10,30.0,1.4734322218431128,-3.9256947729557727,0.16085584558654406,-2.3059566745161066,10.5,7.0,3.5,395.1048257731676,DOGE/USDT,4h,Trend-Following Long-Only,trend_following,2025-09-11
28.585739922044763,-61.930989794265535,90.5167297163103,53.39314228940013,24.538171101334434,2.1759218349608993,1.1885019267713892,4.9588866360743795,-10.767163318673468,17,64.70588235294117,4.139224114131705,-3.1043671564175783,2.44448454716032,1.5826624892319587,16.5,11.0,5.5,642.9286996102238,DOGE/USDT,4h,Momentum Reversal Long-Only,momentum_reversal,2025-09-11
28.446889584980273,-61.930989794265535,90.37787937924581,53.111394138994214,26.487326030254454,2.005162547488905,1.174341796267632,4.794327992373343,-11.077964257656559,26,61.53846153846154,3.5802955989771617,-3.0199334904486697,1.89688712565401,1.0417459491979957,28.5,19.0,9.5,642.2344479249014,DOGE/USDT,4h,Composite Long-Only,composite,2025-09-11
-4.704140520339051,-61.930989794265535,57.22684927392648,-7.871986181352697,5.71836958163999,-1.3766137478464733,-0.2068171037995179,-1.40930353594246,-5.585727971716449,3,0.0,0.0,-1.8849356092673453,0.0,-1.8849356092673453,4.5,3.0,1.5,476.47929739830477,DOGE/USDT,4h,Momentum Reversal + MTF Long-Only,momentum_reversal_mtf,2025-09-11
-30.305988123740235,-61.930989794265535,31.6250016705253,-45.90259507293497,29.438707166414556,-1.5592598823532375,-0.8201668001825414,-1.0947265915029465,-41.930647733618535,23,39.130434782608695,2.856316898416715,-4.123365022934099,0.44531680076777236,-1.392185140666389,30.0,20.0,10.0,348.4700593812988,DOGE/USDT,4h,Volatility Breakout + MTF Long-Only,volatility_breakout_mtf,2025-09-11
-0.7486937516251069,-61.930989794265535,61.18229604264043,-1.2706523148406257,13.380557066968771,-0.09496258701944156,-0.03167837699542979,-0.10288259159690862,-12.350508430221211,12,50.0,2.6508643166950914,-2.6890319601156647,0.985806177097675,-0.019083821710286566,18.0,12.0,6.0,496.2565312418745,DOGE/USDT,4h,Composite + MTF Long-Only,composite_mtf,2025-09-11
-19.01983325218052,-70.63911580970684,51.61928255752631,-30.161607462218566,56.48517982631165,-0.5339738238412908,-0.6094895946498308,-0.6527715387466181,-46.20545730307367,30,26.666666666666668,11.588935466549694,-4.4643864773945,0.94395016489076,-0.18350062567604836,9.75,6.5,3.25,404.90083373909744,DOT/USDT,4h,Mean-Reversion Long-Only,mean_reversion,2025-09-11
-1.4836032043597402,-70.63911580970684,69.1555126053471,-2.511387219105299,33.24134841205947,-0.07555010067504375,-0.05141013951365217,-0.1391847650941099,-18.043549647170234,17,47.05882352941176,4.435841254153792,-3.61871003308427,1.0896065082981017,0.1716670432630533,21.0,14.0,7.0,492.5819839782013,DOT/USDT,4h,Volatility Breakout Long-Only,volatility_breakout,2025-09-11
-14.553742920622593,-70.63911580970684,56.08537288908424,-23.481452532649783,35.45966123508573,-0.6622018291989757,-0.37619077450072375,-1.0316358225254636,-22.76137762952701,11,27.27272727272727,3.6000519915569704,-2.8872233997749768,0.4675840106238683,-1.1179664748662639,13.5,9.0,4.5,427.231285396887,DOT/USDT,4h,Trend-Following Long-Only,trend_following,2025-09-11
49.085238200491155,-70.63911580970684,119.72435401019798,97.29763873272566,31.082077989490607,3.1303453638339005,2.083106149287075,7.215550171627908,-13.484437973324248,20,65.0,5.542371685030748,-3.2875849901422547,3.1308623251867,2.4518868487201972,18.75,12.5,6.25,745.4261910024558,DOT/USDT,4h,Momentum Reversal Long-Only,momentum_reversal,2025-09-11
37.59572892947496,-70.63911580970684,108.2348447391818,72.12921277442028,36.00514544630853,2.0033029135233065,1.5031754178375296,3.550442610425642,-20.315555182505296,27,48.148148148148145,6.6256734976213,-3.067332226627533,2.005785695962419,1.5996705294922748,29.25,19.5,9.75,687.9786446473748,DOT/USDT,4h,Composite Long-Only,composite,2025-09-11
-1.0303571202725403,-70.63911580970684,69.6087586894343,-1.7469442892374953,6.6091073495732315,-0.2643237878940339,-0.029850384642596872,-0.43435357271910263,-4.021940646882276,2,50.0,2.068329359526194,-2.975019166141421,0.6952322805398269,-0.4533449033076134,1.5,1.0,0.5,494.8482143986373,DOT/USDT,4h,Momentum Reversal + MTF Long-Only,momentum_reversal_mtf,2025-09-11
12.011642611360053,-70.63911580970684,82.65075842106688,21.29077333819933,32.36857200579139,0.6577606616192392,0.4433944296885787,1.3783562543850332,-15.446495251475037,15,53.333333333333336,4.435841254153792,-3.0220221051319567,1.6775300396648447,0.9555050198204429,22.5,15.0,7.5,560.0582130568002,DOT/USDT,4h,Volatility Breakout + MTF Long-Only,volatility_breakout_mtf,2025-09-11
13.657677837141158,-70.63911580970684,84.29679364684799,24.33936477340486,21.256300482558334,1.1450423743010363,0.544183094047706,2.1716636336349886,-11.2077047275802,8,50.0,6.903451833515501,-3.387651899729592,2.037827981696273,1.7578999668929542,12.0,8.0,4.0,568.2883891857058,DOT/USDT,4h,Composite + MTF Long-Only,composite_mtf,2025-09-11
-41.047249751756546,-60.3316326530613,19.284382901304753,-59.310490840360465,62.078219095894184,-0.9554154694538141,-1.0887146739354119,-1.1370672453509472,-52.160935145093134,25,16.0,12.707364074961133,-3.9472881703810963,0.6131932089870478,-1.28254381112634,6.0,4.0,2.0,294.7637512412173,LINK/USDT,4h,Mean-Reversion Long-Only,mean_reversion,2025-09-11
-39.66968964648112,-60.3316326530613,20.661943006580174,-57.67934793621035,24.44442231349936,-2.3596118245902296,-1.324756483355394,-1.3593358985227155,-42.43200521585172,33,33.33333333333333,1.9973729280122612,-3.0753052703408854,0.32474384694025193,-1.3844125375565035,37.5,25.0,12.5,301.6515517675944,LINK/USDT,4h,Volatility Breakout Long-Only,volatility_breakout,2025-09-11
-12.993734362966702,-60.3316326530613,47.33789829009459,-21.0890515012929,14.826622159151828,-1.4223773476466146,-0.4703989357066353,-1.6094191334280776,-13.103517327007927,10,20.0,3.185882888496652,-2.4553152195995134,0.32438634182949244,-1.3270755979802804,13.5,9.0,4.5,435.0313281851665,LINK/USDT,4h,Trend-Following Long-Only,trend_following,2025-09-11
3.3630629231809372,-60.3316326530613,63.69469557624223,5.789988335309504,32.86163196641755,0.1761929639169015,0.1093039035981656,0.2749753046686532,-21.056393927034545,22,50.0,5.356114750309153,-4.195407415553834,1.2766614108685068,0.5803536673776605,16.5,11.0,5.5,516.8153146159046,LINK/USDT,4h,Momentum Reversal Long-Only,momentum_reversal,2025-09-11
-24.85292511215026,-60.3316326530613,35.47870754091104,-38.50383093899612,34.861213918335295,-1.1044891044010658,-0.7694903854085806,-1.2781952645662946,-30.123590664420806,38,39.473684210526315,3.8617076571979347,-3.3318806281586366,0.7558809197845098,-0.4923063049915688,37.5,25.0,12.5,375.7353744392487,LINK/USDT,4h,Composite Long-Only,composite,2025-09-11
-5.327704976655168,-60.3316326530613,55.00392767640613,-8.895434354556919,11.113708299738942,-0.8004020003625496,-0.21042694734234843,-0.9768576142570076,-9.106172920935602,7,42.857142857142854,2.2549093305972545,-2.969024779810457,0.5696085830768668,-0.7301958753500093,7.5,5.0,2.5,473.36147511672414,LINK/USDT,4h,Momentum Reversal + MTF Long-Only,momentum_reversal_mtf,2025-09-11
-34.56250380835382,-60.3316326530613,25.769128844707478,-51.40351816436699,23.169794834001532,-2.2185573300343875,-1.151513270691373,-1.3686196094547796,-37.55865969569495,27,33.33333333333333,2.200950412068072,-3.3150780225785206,0.331960574845858,-1.4764018776963235,36.0,24.0,12.0,327.18748095823094,LINK/USDT,4h,Volatility Breakout + MTF Long-Only,volatility_breakout_mtf,2025-09-11
-22.916444734361242,-60.3316326530613,37.415187918700056,-35.78292675208549,14.890960268855599,-2.4029965902820503,-0.8440730357696336,-1.4965221290066912,-23.910723442383187,21,38.095238095238095,1.3287296433342322,-2.6900414177165417,0.3039654984968469,-1.159081013506723,30.0,20.0,10.0,385.4177763281938,LINK/USDT,4h,Composite + MTF Long-Only,composite_mtf,2025-09-11
-44.34366086030628,-55.04201680672273,10.698355946416449,-72.96771060541256,62.92491559973266,-1.1595996579409409,-1.490874081407802,-1.441846808332083,-50.607117332957884,25,16.0,8.535973037625105,-3.6949704998420727,0.44003047555692226,-1.7380195338473248,3.0,2.0,1.0,278.28169569846864,POL/USDT,4h,Mean-Reversion Long-Only,mean_reversion,2025-11-01
-9.49661865092095,-55.04201680672273,45.54539815580178,-19.96907757646139,32.73743830460615,-0.6099767914232845,-0.33522444037527466,-0.8764130014388628,-22.785008373537238,16,25.0,9.464605414858683,-3.8974253206208322,0.8094750282776458,-0.5569176367509535,16.5,11.0,5.5,452.51690674539526,POL/USDT,4h,Volatility Breakout Long-Only,volatility_breakout,2025-11-01
-11.100012335318477,-55.04201680672273,43.94200447140425,-23.099822171282945,12.065677068181344,-1.914506914178897,-0.4029102503944657,-1.8156887379979878,-12.722347001366128,6,0.0,0.0,-1.905866594580586,0.0,-1.905866594580586,6.0,4.0,2.0,444.4999383234076,POL/USDT,4h,Trend-Following Long-Only,trend_following,2025-11-01
4.264995433060337,-55.04201680672273,59.30701223978306,9.772293862893733,39.394857184332395,0.24806014189030343,0.18583354427363075,0.5147308047043541,-18.985251656944538,19,52.63157894736842,5.244639999207877,-3.5824968425727786,1.626624679091886,1.0633646531012502,15.0,10.0,5.0,521.3249771653017,POL/USDT,4h,Momentum Reversal Long-Only,momentum_reversal,2025-11-01
-22.675268511752765,-55.04201680672273,32.36674829496996,-43.677714964626055,38.949416268528,-1.121395880839391,-0.8052014757685816,-1.403717924171966,-31.11573501520325,24,33.33333333333333,4.778863595155531,-3.195898586367952,0.7476557008942161,-0.5376445258601242,19.5,13.0,6.5,386.62365744123616,POL/USDT,4h,Composite Long-Only,composite,2025-11-01
8.572197673433358,-55.04201680672273,63.614214480156086,20.1541664032324,17.414780278200137,1.1573023650755692,0.4598370783524153,2.918330740707333,-6.9060597286336085,6,66.66666666666666,4.532356705808378,-3.040079525763599,2.9817356206627212,2.008211295284386,7.5,5.0,2.5,542.8609883671668,POL/USDT,4h,Momentum Reversal + MTF Long-Only,momentum_reversal_mtf,2025-11-01
-6.665457217027793,-55.04201680672273,48.376559589694935,-14.272099657860293,30.962374618226313,-0.46094977642505747,-0.23731120263024252,-0.6224975534926337,-22.927157830234236,16,31.25,7.373273791014482,-3.901143307723434,0.8591040683354366,-0.3778879643678358,21.0,14.0,7.0,466.67271391486105,POL/USDT,4h,Volatility Breakout + MTF Long-Only,volatility_breakout_mtf,2025-11-01
-12.706690300954005,-55.04201680672273,42.33532650576872,-26.16794500733841,13.061301048975608,-2.0034715461512738,-0.5226858694006742,-1.9055930096495244,-13.732179366123518,9,33.33333333333333,1.50494549776663,-2.9529730498611957,0.25481869836864407,-1.4670002006519205,13.5,9.0,4.5,436.46654849523,POL/USDT,4h,Composite + MTF Long-Only,composite_mtf,2025-11-01
-18.91341175846135,-67.05978873961662,48.14637698115527,-30.005360840114637,69.8146261977759,-0.42978617052411466,-0.5348268979267268,-0.7774531580100128,-38.59442917039151,30,20.0,16.627478323241867,-4.047789044912864,1.0269481770634001,0.08726442871808164,7.5,5.0,2.5,405.43294120769326,UNI/USDT,4h,Mean-Reversion Long-Only,mean_reversion,2025-09-11
-28.940719059788144,-67.05978873961662,38.11906967982848,-44.086939619968305,52.56716899712466,-0.8386782180029476,-0.6960695260368693,-0.9167356464870448,-48.09122432285754,34,26.47058823529412,7.239700861118517,-3.202878586438411,0.8137343454223326,-0.43866637973216477,33.0,22.0,11.0,355.29640470105926,UNI/USDT,4h,Volatility Breakout Long-Only,volatility_breakout,2025-09-11
-1.2444232222604268,-67.05978873961662,65.8153655173562,-2.1082940692084384,52.71310093137574,-0.03999563736447813,-0.02438165108761621,-0.06176457693944954,-34.13435619052794,12,33.33333333333333,8.439254478870824,-3.331883830407832,1.266438883890774,0.5918289393517202,18.0,12.0,6.0,493.7778838886979,UNI/USDT,4h,Trend-Following Long-Only,trend_following,2025-09-11
24.862864725473166,-67.05978873961662,91.92265346508978,45.912988123857886,35.641974912140604,1.28817183214555,0.9335885220711877,2.297624526771271,-19.98280728156091,29,58.620689655172406,4.252836470247994,-3.3405424742481613,1.8035548754819055,1.1107486311461363,27.0,18.0,9.0,624.3143236273659,UNI/USDT,4h,Momentum Reversal Long-Only,momentum_reversal,2025-09-11
-6.14601390403039,-67.05978873961662,60.91377483558623,-10.231353084342265,36.93503518785722,-0.27700943108092474,-0.20551442156935532,-0.3931525104235362,-26.023878299340403,35,48.57142857142857,4.093297228171265,-3.4723315871130653,1.113341779037969,0.20240240888218078,40.5,27.0,13.5,469.26993047984803,UNI/USDT,4h,Composite Long-Only,composite,2025-09-11
-10.26330476782048,-67.05978873961662,56.79648397179614,-16.82891197831149,20.20115019020365,-0.8330670194448881,-0.2912671911707193,-0.9367279001723687,-17.965635458509112,12,41.66666666666667,2.7330547517589396,-3.3284436249151708,0.5865149557976527,-0.8028193013009577,9.0,6.0,3.0,448.6834761608976,UNI/USDT,4h,Momentum Reversal + MTF Long-Only,momentum_reversal_mtf,2025-09-11
-13.701083792373625,-67.05978873961662,53.358704947243,-22.177592743318442,50.712041070049644,-0.4373240018614919,-0.3491183808861111,-0.5323348651082312,-41.660981079661994,31,25.806451612903224,7.969925048263366,-3.011484862065855,0.9205252457993568,-0.1775726271421854,37.5,25.0,12.5,431.49458103813186,UNI/USDT,4h,Volatility Breakout + MTF Long-Only,volatility_breakout_mtf,2025-09-11
-5.7582110143923,-67.05978873961662,61.30157772522432,-9.599265311342576,21.964203501392344,-0.43704135734920063,-0.19728465583638458,-0.32712560637534244,-29.344279763683257,20,30.0,4.36711188199206,-2.195053319058814,0.8526532643858978,-0.22640375874355156,28.5,19.0,9.5,471.2089449280385,UNI/USDT,4h,Composite + MTF Long-Only,composite_mtf,2025-09-11
-35.969010333271456,-61.62489196197072,25.655881628699262,-53.16748822315227,53.28827301265304,-0.9977333701643495,-1.0467995437624444,-1.1151817120840464,-47.676076147082,24,16.666666666666664,15.72668713300413,-4.799008009017587,0.6554140815540572,-1.3780588186806344,6.0,4.0,2.0,320.1549483336427,ATOM/USDT,4h,Mean-Reversion Long-Only,mean_reversion,2025-09-11
-21.01963489679173,-61.62489196197072,40.60525706517899,-33.07084919152528,25.20734787078942,-1.311952743344657,-0.721492442033942,-1.282898210862009,-25.77823315327894,26,38.46153846153847,2.338623651039313,-2.560693351067917,0.5707984446048587,-0.676340657949752,32.25,21.5,10.75,394.90182551604136,ATOM/USDT,4h,Volatility Breakout Long-Only,volatility_breakout,2025-09-11
1.1941134309989554,-61.62489196197072,62.81900539296967,2.040443284200033,25.980014051305783,0.07853895999326753,0.042860380202064174,0.1250005922488642,-16.32346893315278,11,18.181818181818183,13.011133788597974,-2.5694269174153854,1.1252949225897177,0.2634023018597707,13.5,9.0,4.5,505.9705671549948,ATOM/USDT,4h,Trend-Following Long-Only,trend_following,2025-09-11
-5.705827490902715,-61.62489196197072,55.919064471068005,-9.513744189918905,28.43235838944282,-0.3346097449816699,-0.20115849343475647,-0.4472718532447811,-21.27060784375417,21,47.61904761904761,4.558628072810761,-4.176273248381983,0.9923218842360153,-0.01679642876639077,16.5,11.0,5.5,471.4708625454864,ATOM/USDT,4h,Momentum Reversal Long-Only,momentum_reversal,2025-09-11
15.550944105733455,-61.62489196197072,77.17583606770417,27.884342393849714,26.19788503932056,1.0643737978084085,0.620278831902392,1.6654945465106268,-16.742379884863702,25,48.0,4.425290145663586,-2.597025631405902,1.572908315568074,0.773685941587452,30.0,20.0,10.0,577.7547205286672,ATOM/USDT,4h,Composite Long-Only,composite,2025-09-11
-12.716724233013387,-61.62489196197072,48.90816772895733,-20.661062503928683,11.46297777015773,-1.802416694701868,-0.39148031828647206,-1.3241112280873142,-15.603721247627892,5,20.0,2.003865019663581,-3.803870025308076,0.13169909896574922,-2.6423230163137448,3.0,2.0,1.0,436.4163788349331,ATOM/USDT,4h,Momentum Reversal + MTF Long-Only,momentum_reversal_mtf,2025-09-11
-21.71445526925139,-61.62489196197072,39.91043669271933,-34.069677151569344,23.26825881459399,-1.4642125748661794,-0.7739770631014691,-1.5069727062997476,-22.608025353839846,26,38.46153846153847,1.9801694473011104,-2.5223261569237216,0.49066053617451394,-0.790597078375709,35.25,23.5,11.75,391.42772365374304,ATOM/USDT,4h,Volatility Breakout + MTF Long-Only,volatility_breakout_mtf,2025-09-11
1.8664553718400922,-61.62489196197072,63.49134733381081,3.1967772675468575,13.005447406276152,0.24580294454185103,0.10932214596328478,0.6265378856240844,-5.1022888494007015,12,41.66666666666667,2.5576812209308186,-1.4938295353683784,1.2229743183898223,0.19429994642295378,18.0,12.0,6.0,509.3322768592005,ATOM/USDT,4h,Composite + MTF Long-Only,composite_mtf,2025-09-11
-3.683307404255065,-52.19910455622884,48.51579715197377,-6.186344350086392,50.896212756179956,-0.12154822559631864,-0.13109374626581005,-0.14964740659343262,-41.33946916229342,25,32.0,10.411058890072146,-4.302599134269974,1.1386888896061338,0.4057714335195052,9.0,6.0,3.0,481.5834629787247,LTC/USDT,4h,Mean-Reversion Long-Only,mean_reversion,2025-09-11
-0.7943195664668612,-52.19910455622884,51.40478498976198,-1.3478698955100565,22.632956510032884,-0.05955341693483854,-0.03310767766501557,-0.08565472001632518,-15.736084307474965,18,44.44444444444444,2.988998375008823,-2.698381247835063,0.8861604348627681,-0.17065697101555813,24.0,16.0,8.0,496.0284021676657,LTC/USDT,4h,Volatility Breakout Long-Only,volatility_breakout,2025-09-11
-5.862408881162862,-52.19910455622884,46.336695675065975,-9.769279172159862,20.654458726780238,-0.4729864530167122,-0.15733812598133923,-0.4936782318334767,-19.78875822796082,7,28.57142857142857,3.6860065683495895,-2.434881965443209,0.6055335117944652,-0.6860566700738375,9.0,6.0,3.0,470.68795559418567,LTC/USDT,4h,Trend-Following Long-Only,trend_following,2025-09-11
20.81186884182884,-52.19910455622884,73.01097339805767,37.94955460121794,21.24816765359376,1.7860153976523914,0.7275506349396296,2.5658229373739103,-14.790402739192466,12,58.333333333333336,5.81263805056024,-4.091774380108686,1.9887932507579222,1.6857995377815207,10.5,7.0,3.5,604.0593442091442,LTC/USDT,4h,Momentum Reversal Long-Only,momentum_reversal,2025-09-11
16.796753860048042,-52.19910455622884,68.99585841627687,30.23938604632168,22.809772925564577,1.3257206086620088,0.6587747772692346,3.1193055272541317,-9.694268734534916,24,50.0,3.9705483641575072,-2.5506897892173304,1.5566567055478178,0.7099292874700884,28.5,19.0,9.5,583.9837693002402,LTC/USDT,4h,Composite Long-Only,composite,2025-09-11
0.3822565150032542,-52.19910455622884,52.58136107123209,0.6513317501697591,7.859431785539838,0.08287262590256342,0.019956358729821596,0.09745703019620844,-6.683271066832684,1,100.0,0.5615256408177729,0.0,inf,0.5615256408177729,1.5,1.0,0.5,501.9112825750163,LTC/USDT,4h,Momentum Reversal + MTF Long-Only,momentum_reversal_mtf,2025-09-11
1.5729663625768442,-52.19910455622884,53.77207091880568,2.6913565459462108,22.24862056057462,0.1209673444076526,0.06682409414387658,0.20206250527687397,-13.319425799746512,18,38.88888888888889,3.353497966758244,-2.2036019905103457,0.9684344858347583,-0.042507562683672125,25.5,17.0,8.5,507.86483181288423,LTC/USDT,4h,Volatility Breakout + MTF Long-Only,volatility_breakout_mtf,2025-09-11
3.7999223649238134,-52.19910455622884,55.99902692115265,6.551943958515305,12.340784613723528,0.5309179410869255,0.24130698240156925,1.2339022060646974,-5.309937794350426,11,45.45454545454545,2.7275469908218186,-1.5794339225887946,1.43909523100487,0.37828467441602964,16.5,11.0,5.5,518.999611824619,LTC/USDT,4h,Composite + MTF Long-Only,composite_mtf,2025-09-11
34.064501380215816,-63.00322061191651,97.06772199213233,64.68012709277362,69.1895350801533,0.9348252885041688,1.3102717882864852,2.2720521676805174,-28.467712147122036,27,33.33333333333333,13.651589672580954,-4.10793118482073,1.6616137245707916,1.8119091009798312,10.5,7.0,3.5,670.3225069010791,FIL/USDT,4h,Mean-Reversion Long-Only,mean_reversion,2025-09-11
-8.346356319519789,-63.00322061191651,54.656864292396726,-13.783023424220486,59.43720884311825,-0.2318921714611488,-0.25475680163556674,-0.29691537071179214,-46.420713724515466,34,26.47058823529412,9.533606699953204,-3.428595635651832,1.0010216358834791,0.0025755708318540155,32.25,21.5,10.75,458.2682184024011,FIL/USDT,4h,Volatility Breakout Long-Only,volatility_breakout,2025-09-11
-15.90125517960972,-63.00322061191651,47.10196543230679,-25.523466772488312,13.05351650559438,-1.9552943271301377,-0.4828448886812823,-1.6051227707619717,-15.901255179609722,7,14.285714285714285,2.6146625089367657,-3.2380800596871167,0.13457884820330904,-2.4019739784551333,7.5,5.0,2.5,420.4937241019514,FIL/USDT,4h,Trend-Following Long-Only,trend_following,2025-09-11
70.93932940532832,-63.00322061191651,133.94255001724483,149.00686564561002,54.41171270305086,2.738507175078413,2.58765095070074,6.32604727013264,-23.55449766382883,29,55.172413793103445,7.506747539409456,-4.498370600945634,2.053871215660973,2.1251428558020007,24.0,16.0,8.0,854.6966470266416,FIL/USDT,4h,Momentum Reversal Long-Only,momentum_reversal,2025-09-11
60.58459109655239,-63.00322061191651,123.5878117084689,123.88872682221663,48.96395379051744,2.530202674241749,2.518408770329342,7.649725148944359,-16.19518667795704,26,53.84615384615385,6.734169378315295,-3.378803508225986,2.3252405540128183,2.066643430680858,27.0,18.0,9.0,802.922955482762,FIL/USDT,4h,Composite Long-Only,composite,2025-09-11
-10.215925289100081,-63.00322061191651,52.78729532281643,-16.75417447461388,26.643958199194284,-0.628817022957217,-0.24092596672396185,-0.7112940684930085,-23.55449766382884,10,30.0,7.529466353844723,-4.469649442855411,0.7219613513104155,-0.8699147038453708,6.0,4.0,2.0,448.9203735544996,FIL/USDT,4h,Momentum Reversal + MTF Long-Only,momentum_reversal_mtf,2025-09-11
2.3492078716759623,-63.00322061191651,65.35242848359248,4.030355055793966,58.73031983483805,0.0686247762165806,0.07393495739360559,0.09830498956801231,-40.9984790548761,31,32.25806451612903,8.484571774266113,-3.354074039011016,1.2045864898830232,0.46484396527192934,33.75,22.5,11.25,511.7460393583798,FIL/USDT,4h,Volatility Breakout + MTF Long-Only,volatility_breakout_mtf,2025-09-11
3.1210041215866458,-63.00322061191651,66.12422473350315,5.36876868742,10.248276015811328,0.5238704226093163,0.14765789024867332,1.0231164873640106,-5.247465712582019,7,57.14285714285714,2.615550424594221,-2.361093236623819,1.47702789200834,0.48270314121506086,10.5,7.0,3.5,515.6050206079333,FIL/USDT,4h,Composite + MTF Long-Only,composite_mtf,2025-09-11
-59.05552996803335,-80.4264870931538,21.370957125120448,-78.1173884798425,70.92931386958145,-1.101341380849642,-1.3742855707443078,-1.0811241405744085,-72.25570639680491,39,15.384615384615385,13.900869980242112,-4.404956423712122,0.5737697862102034,-1.588675438488393,6.75,4.5,2.25,204.72235015983327,APT/USDT,4h,Mean-Reversion Long-Only,mean_reversion,2025-09-11
-9.373818068778961,-80.4264870931538,71.05266902437484,-15.421201207695134,32.93993897987916,-0.468161195353608,-0.2846222843468116,-0.5635937641435834,-27.36226372399388,24,41.66666666666667,3.913528659850675,-3.391004355083734,0.824350936025273,-0.347448932194397,25.5,17.0,8.5,453.1309096561052,APT/USDT,4h,Volatility Breakout Long-Only,volatility_breakout,2025-09-11
-34.8810078682409,-80.4264870931538,45.545479224912896,-51.80532390082435,25.75892178049538,-2.0111604182148364,-0.8019175080027616,-1.4836958250662444,-34.91640471422863,11,18.181818181818183,1.0076266030634913,-3.972644516998916,0.05636472680725868,-3.0671406769875698,15.0,10.0,5.0,325.5949606587955,APT/USDT,4h,Trend-Following Long-Only,trend_following,2025-09-11
-13.692253770372975,-80.4264870931538,66.73423332278082,-22.164042650780324,41.713900708054766,-0.531334693580947,-0.4431006018800374,-0.8467109487374593,-26.176634049470355,42,45.23809523809524,4.980466531252978,-4.259362101096087,0.9659423972905236,-0.07943962455722432,28.5,19.0,9.5,431.5387311481351,APT/USDT,4h,Momentum Reversal Long-Only,momentum_reversal,2025-09-11
-37.198269083971816,-80.4264870931538,43.22821800918199,-54.687075411926266,43.45558899451499,-1.2584589618340905,-1.0701974407666002,-1.2612852415656872,-43.358213994513136,49,40.816326530612244,4.199924475640969,-4.035824125977833,0.7176971909476588,-0.674294084500771,39.0,26.0,13.0,314.00865458014096,APT/USDT,4h,Composite Long-Only,composite,2025-09-11
-0.7994531734953791,-80.4264870931538,79.62703391965842,-1.356556503667783,13.997777015499416,-0.09691228129764456,-0.03123696016538165,-0.10356678623213474,-13.098374034965179,7,42.857142857142854,5.30531591599471,-4.036027796668355,0.9858670795777449,-0.032594776955613414,7.5,5.0,2.5,496.00273413252313,APT/USDT,4h,Momentum Reversal + MTF Long-Only,momentum_reversal_mtf,2025-09-11
-4.400366491988317,-80.4264870931538,76.02612060116549,-7.3716992836387,29.3068701427127,-0.25153485335491244,-0.14084931083148336,-0.36058713591056657,-20.443600310431044,21,42.857142857142854,3.2398458615930674,-2.734367922285343,0.888645736512276,-0.17399058633745326,27.0,18.0,9.0,477.99816754005843,APT/USDT,4h,Volatility Breakout + MTF Long-Only,volatility_breakout_mtf,2025-09-11
-7.160433475243866,-80.4264870931538,73.26605361790993,-11.87611665400694,15.542555279874657,-0.7641032275680423,-0.23696312825451846,-0.5961103072225286,-19.922682949975524,13,46.15384615384615,2.005725658599319,-2.67948820920029,0.6416126093608238,-0.5170818086773937,18.0,12.0,6.0,464.1978326237807,APT/USDT,4h,Composite + MTF Long-Only,composite_mtf,2025-09-11
-14.768919225911736,-78.07819490371529,63.30927567780355,-23.809056947565843,71.09930350741465,-0.3348704666999009,-0.40524290068567137,-0.5052972801184851,-47.118909767301645,32,25.0,13.493808814614727,-4.152257185961469,1.083250885023571,0.25925931418257975,10.5,7.0,3.5,426.1554038704413,ARB/USDT,4h,Mean-Reversion Long-Only,mean_reversion,2025-09-11
-27.303829774530087,-78.07819490371529,50.77436512918519,-41.877587477807246,29.70829015249609,-1.409626311808749,-0.8333957033268735,-1.1632841223298254,-35.99944903738118,25,32.0,3.834959703021215,-3.4696632592377727,0.5201331611256323,-1.1321839113148964,28.5,19.0,9.5,363.4808511273496,ARB/USDT,4h,Volatility Breakout Long-Only,volatility_breakout,2025-09-11
-17.724338243877057,-78.07819490371529,60.35385665983822,-28.249802456199134,20.922900658226695,-1.3501857566336801,-0.5322765953567912,-1.2521103310719897,-22.561751752350105,9,33.33333333333333,2.0680135503890735,-3.4852351581636456,0.29668206828814103,-1.6341522553127392,12.0,8.0,4.0,411.3783087806147,ARB/USDT,4h,Trend-Following Long-Only,trend_following,2025-09-11
1.1758516237246441,-78.07819490371529,79.25404652743993,2.0091105053393177,43.49229816057818,0.04619462733198114,0.035129837630751316,0.054378617469409064,-36.94670072238508,34,50.0,5.6070886365979025,-4.287634275787778,1.3077348197025729,0.6597271804050622,24.0,16.0,8.0,505.8792581186232,ARB/USDT,4h,Momentum Reversal Long-Only,momentum_reversal,2025-09-11
-0.03039578414808508,-78.07819490371529,78.0477991195672,-0.051716914405885994,46.08476459380583,-0.0011222128367524996,-0.0009202498894223602,-0.0013106630717388244,-39.45858819175735,40,50.0,5.136800852969454,-3.8846644802679764,1.322328061808597,0.6260681863507389,37.5,25.0,12.5,499.8480210792596,ARB/USDT,4h,Composite Long-Only,composite,2025-09-11
-11.859040457127623,-78.07819490371529,66.21915444658765,-19.329868942477557,12.059183287461853,-1.6029169207980416,-0.41170404705503366,-1.6042378329915428,-12.049253885523756,7,42.857142857142854,0.651852735114056,-3.5374319029918575,0.138204653755187,-1.7420242009464662,9.0,6.0,3.0,440.70479771436186,ARB/USDT,4h,Momentum Reversal + MTF Long-Only,momentum_reversal_mtf,2025-09-11
-22.06165226557556,-78.07819490371529,56.01654263813972,-34.5664623189015,27.78691861646958,-1.2439832856606714,-0.6965535033304566,-1.1013927644721433,-31.38431941258296,23,26.08695652173913,4.161894191551483,-2.75301527448832,0.5335618170826534,-0.949125848564893,31.5,21.0,10.5,389.6917386721222,ARB/USDT,4h,Volatility Breakout + MTF Long-Only,volatility_breakout_mtf,2025-09-11
0.2782790335986718,-78.07819490371529,78.35647393731395,0.4739905783285536,19.23794606122029,0.024638315172533953,0.008901122054097465,0.03481575259054034,-13.61425627942163,14,42.857142857142854,3.038623637002456,-2.108889290888828,1.0806483477334798,0.09718767820743641,19.5,13.0,6.5,501.3913951679934,ARB/USDT,4h,Composite + MTF Long-Only,composite_mtf,2025-09-11
-54.69317264204895,-84.96103896103888,30.267866318989935,-74.00336305066968,76.86617638181642,-0.9627558769552123,-1.1833714505066668,-1.1734953696220292,-63.062339201649685,35,17.142857142857142,13.139483678470842,-4.195806278859942,0.6479121493783233,-1.2240422861746643,7.5,5.0,2.5,226.53413678975525,OP/USDT,4h,Mean-Reversion Long-Only,mean_reversion,2025-09-11
-29.41579809519441,-84.96103896103888,55.54524086584447,-44.72154449061223,26.034025115648667,-1.7178113753808577,-0.9737245151401369,-1.4116277231158587,-31.6808346551166,29,34.48275862068966,3.192445644404393,-3.332415974062624,0.5042091271811155,-1.082463691832618,30.75,20.5,10.25,352.92100952402797,OP/USDT,4h,Volatility Breakout Long-Only,volatility_breakout,2025-09-11
-4.755341900341669,-84.96103896103888,80.20569706069722,-7.956199937687325,18.996006142330646,-0.41883540561495985,-0.11888901034622087,-0.6016265666203438,-13.224482393424761,8,37.5,3.9340404268688567,-3.181445937890217,0.7419344229644947,-0.5131385511055644,10.5,7.0,3.5,476.22329049829165,OP/USDT,4h,Trend-Following Long-Only,trend_following,2025-09-11
0.3442179644901566,-84.96103896103888,85.30525692552904,0.5864392720971612,45.33293428892226,0.012936274284818704,0.010317405064367825,0.014827830651688778,-39.54990354778366,38,52.63157894736842,5.416050086313878,-4.6149163982325465,1.3039961962349733,0.6645396462655723,28.5,19.0,9.5,501.7210898224508,OP/USDT,4h,Momentum Reversal Long-Only,momentum_reversal,2025-09-11
-19.547578939331068,-84.96103896103888,65.41346002170782,-30.934307861057885,49.78146418426833,-0.6214021296471545,-0.5565466542438442,-0.6591920816819004,-46.92760838711886,55,43.63636363636363,5.24209612843309,-3.9259634414099027,1.033732754577158,0.07464437088522094,48.0,32.0,16.0,402.26210530334464,OP/USDT,4h,Composite Long-Only,composite,2025-09-11
7.033850894290161,-84.96103896103888,91.99488985532905,12.262349247779024,9.26926744422063,1.3229038132268562,0.34460530313807897,2.6983950469743974,-4.544312094527563,6,66.66666666666666,2.873543083139535,-2.2224030037546902,2.5859784011133544,1.1748943875081264,9.0,6.0,3.0,535.1692544714508,OP/USDT,4h,Momentum Reversal + MTF Long-Only,momentum_reversal_mtf,2025-09-11
-25.816653683241498,-84.96103896103888,59.14438527779738,-39.83979705796418,24.66987309656413,-1.6149169840485649,-0.852219966447772,-1.4128997376014756,-28.197186253000382,26,34.61538461538461,3.226298869989344,-3.2741241347745276,0.5216786254646013,-1.023977710048572,32.25,21.5,10.75,370.9167315837925,OP/USDT,4h,Volatility Breakout + MTF Long-Only,volatility_breakout_mtf,2025-09-11
-2.457041994206055,-84.96103896103888,82.50399696683283,-4.144853004179994,21.20194951959063,-0.1954939568340234,-0.07951734501769904,-0.22298135317656562,-18.588339092632253,19,47.368421052631575,2.7104904882325815,-2.556529061147551,0.9542005512404893,-0.06162506407275118,27.0,18.0,9.0,487.71479002896973,OP/USDT,4h,Composite + MTF Long-Only,composite_mtf,2025-09-11
-40.524563254339796,-47.9182156133825,7.393652359042702,-58.69470063181108,58.11840307035149,-1.0099159221694718,-1.0823747183747845,-1.1015842407294139,-53.28208089918425,25,20.0,11.343070351501975,-3.9924477490968675,0.71028295574237,-0.9253441289770983,6.0,4.0,2.0,297.377183728301,NEAR/USDT,4h,Mean-Reversion Long-Only,mean_reversion,2025-09-11
-8.238148226300957,-47.9182156133825,39.68006738708154,-13.609743526045726,43.62305652559393,-0.3119850971025105,-0.2313116018695893,-0.5242839461086394,-25.958726424984956,35,42.857142857142854,5.111858551326368,-3.992013196752507,0.9603910920469,-0.0903538761472745,33.0,22.0,11.0,458.8092588684952,NEAR/USDT,4h,Volatility Breakout Long-Only,volatility_breakout,2025-09-11
22.70400027020283,-47.9182156133825,70.62221588358533,41.646163879015894,42.45152933560913,0.9810285879166741,0.6182543068974776,1.788952711705054,-23.279633724539796,8,50.0,9.355094821170916,-2.960229185394668,3.1602603161024043,3.197432817888124,10.5,7.0,3.5,613.5200013510141,NEAR/USDT,4h,Trend-Following Long-Only,trend_following,2025-09-11
-8.885879816051345,-47.9182156133825,39.03233579733115,-14.644851567115058,38.80389496608273,-0.3774067417694967,-0.28551274153405615,-0.46368769573558594,-31.583437951448605,32,50.0,4.311252254721223,-4.223209326489563,1.0208473986073627,0.04402146411583005,22.5,15.0,7.5,455.5706009197433,NEAR/USDT,4h,Momentum Reversal Long-Only,momentum_reversal,2025-09-11
-13.805189441552512,-47.9182156133825,34.113026171829986,-22.337274509702432,35.48342116488309,-0.6295129887816168,-0.4422834042537102,-0.9261892445709924,-24.117397865107986,34,47.05882352941176,4.344040350756408,-3.9565677077051267,0.97593911843152,-0.050399209605581,30.0,20.0,10.0,430.97405279223744,NEAR/USDT,4h,Composite Long-Only,composite,2025-09-11
-17.362345920868027,-47.9182156133825,30.55586969251447,-27.71179763144197,22.58163521751852,-1.2271829459871684,-0.5279157098789392,-1.2786561408738566,-21.672595739854835,10,40.0,3.0452081833834646,-4.481060380421123,0.45304874662981454,-1.470552954899288,7.5,5.0,2.5,413.18827039565986,NEAR/USDT,4h,Momentum Reversal + MTF Long-Only,momentum_reversal_mtf,2025-09-11
-3.865523518444436,-47.9182156133825,44.05269209493806,-6.488150761220113,43.01467287809911,-0.1508357573613805,-0.11014619361401184,-0.24938035893233923,-26.017088069796422,33,42.42424242424242,5.235615472768389,-3.787457350925396,1.0185783151750698,0.04051293791439098,33.0,22.0,11.0,480.67238240777783,NEAR/USDT,4h,Volatility Breakout + MTF Long-Only,volatility_breakout_mtf,2025-09-11
-9.442878523818132,-47.9182156133825,38.47533708956436,-15.530845671132099,15.459709368303393,-1.0046013997504089,-0.3222135858614638,-1.1428445854204397,-13.589639281896302,10,30.0,3.923269578419349,-2.997946451576323,0.5608509941896809,-0.9215816425776213,13.5,9.0,4.5,452.7856073809093,NEAR/USDT,4h,Composite + MTF Long-Only,composite_mtf,2025-09-11
-27.209118986488377,-78.24624194702932,51.037122960540934,-41.748674825622444,66.28394995435579,-0.6298459107275783,-0.7021409208570977,-0.8622857993976252,-48.416284780274935,26,30.76923076923077,9.84598594984075,-4.550024735191196,0.9617516409613311,-0.12048298595059698,7.5,5.0,2.5,363.9544050675581,INJ/USDT,4h,Mean-Reversion Long-Only,mean_reversion,2025-09-11
-36.609808091246464,-78.24624194702932,41.63643385578285,-53.96220950417092,27.681637765134514,-1.9493864475077132,-1.0613976692690024,-1.4091409946276903,-38.294400425436706,28,35.714285714285715,2.100074198602909,-3.398777486857384,0.34327280695021345,-1.43490188490728,27.0,18.0,9.0,316.9509595437677,INJ/USDT,4h,Volatility Breakout Long-Only,volatility_breakout,2025-09-11
-5.7550739654351535,-78.24624194702932,72.49116798159416,-9.594144716975261,26.127074816462848,-0.3672108257189942,-0.14203043680338423,-0.6101779951328465,-15.723518044741102,10,20.0,6.646678361354278,-1.9424799030114495,0.8554372108367574,-0.22464825013830395,12.0,8.0,4.0,471.2246301728242,INJ/USDT,4h,Trend-Following Long-Only,trend_following,2025-09-11
6.607044828165876,-78.24624194702932,84.85328677519519,11.501671131455748,46.315196116451034,0.2483347172391738,0.1858531769009231,0.42372914985325816,-27.14392232736147,37,56.75675675675676,4.847719504516647,-4.1917730926891235,1.5178855603551569,0.93874973275199,27.0,18.0,9.0,533.0352241408294,INJ/USDT,4h,Momentum Reversal Long-Only,momentum_reversal,2025-09-11
-4.39586423532361,-78.24624194702932,73.8503777117057,-7.364276095593725,43.03427344983353,-0.17112583773904083,-0.13143652037522574,-0.25873743391299603,-28.462352680169435,39,51.28205128205128,4.784693094760302,-4.071598099128986,1.2369882597679627,0.4700896926091107,34.5,23.0,11.5,478.02067882338196,INJ/USDT,4h,Composite Long-Only,composite,2025-09-11
-6.652410296223787,-78.24624194702932,71.59383165080553,-11.053983664601642,13.085468155933299,-0.8447526319178325,-0.23188748043900279,-1.1628816053340543,-9.505682791694195,8,25.0,4.144035541137944,-2.4447633753977125,0.5650220361938294,-0.7975636462637982,9.0,6.0,3.0,466.73794851888107,INJ/USDT,4h,Momentum Reversal + MTF Long-Only,momentum_reversal_mtf,2025-09-11
-34.58201546812924,-78.24624194702932,43.66422647890007,-51.42817245468437,26.00816327478452,-1.9773857888897948,-0.9962129012265354,-1.4159545616325406,-36.32049632679575,25,36.0,1.8714850508366823,-3.316873837359523,0.31738027815181213,-1.449064637608889,30.0,20.0,10.0,327.08992265935376,INJ/USDT,4h,Volatility Breakout + MTF Long-Only,volatility_breakout_mtf,2025-09-11
-6.363012296545079,-78.24624194702932,71.88322965048424,-10.5842448738515,17.71331613930496,-0.5975303997632375,-0.21870794062695473,-0.7452596036511727,-14.202091220290502,13,38.46153846153847,3.6911579511349215,-3.014332458925004,0.7653348629905469,-0.43529768582503253,18.0,12.0,6.0,468.1849385172746,INJ/USDT,4h,Composite + MTF Long-Only,composite_mtf,2025-09-11
